연번,호선,고유역번호(외부역코드),역명,위도,경도,작성일자
1,1,150,서울,37.55315,126.972533,1974-02-28
2,1,151,시청,37.56359,126.975407,1974-08-15
3,1,152,종각,37.570203,126.983116,1974-08-15
4,1,153,종로3가,37.570429,126.992095,1974-08-15
5,1,154,종로5가,37.570971,127.0019,1974-03-31
6,1,155,동대문,37.57179,127.011383,1974-04-30
7,1,159,동묘앞,37.573265,127.016459,2005-12-31
8,1,156,신설동,37.576117,127.02471,1974-03-30
9,1,157,제기동,37.578116,127.034902,1974-03-30
10,1,158,청량리,37.580148,127.045063,1974-08-31
11,2,202,을지로입구,37.565998,126.982569,1984-04-30
12,2,203,을지로3가,37.566292,126.991773,1983-11-30
13,2,204,을지로4가,37.566611,126.998122,1983-11-30
14,2,205,동대문역사문화공원,37.565597,127.009113,1983-09-30
15,2,206,신당,37.565681,127.019488,1983-11-30
16,2,207,상왕십리,37.564504,127.028872,1983-11-30
17,2,208,왕십리,37.561159,127.035505,1983-11-30
18,2,209,한양대,37.55658,127.043504,1983-08-25
19,2,210,뚝섬,37.54718,127.047413,1983-04-30
20,2,211,성수,37.544628,127.055983,1980-08-20
21,2,212,건대입구,37.540408,127.069231,1980-04-20
22,2,213,구의,37.536857,127.085024,1980-08-09
23,2,214,강변,37.535161,127.094684,1980-08-20
24,2,215,잠실나루,37.520688,127.103836,1980-08-30
25,2,216,잠실,37.513305,127.100129,1980-10-19
26,2,217,잠실새내,37.520731,127.103738,1980-10-19
27,2,218,종합운동장,37.511008,127.073641,1982-12-02
28,2,219,삼성,37.508827,127.063203,1982-12-30
29,2,220,선릉,37.504257,127.048174,1982-12-30
30,2,221,역삼,37.500658,127.03643,1982-12-30
31,2,222,강남,37.497958,127.027539,1982-12-30
32,2,223,교대,37.493957,127.014631,1982-12-20
33,2,224,서초,37.49191,127.007945,1983-11-30
34,2,225,방배,37.481469,126.997627,1983-11-30
35,2,226,사당,37.476536,126.981631,1983-11-30
36,2,227,낙성대,37.47693,126.963783,1983-11-30
37,2,228,서울대입구,37.481233,126.952745,1983-11-30
38,2,229,봉천,37.482416,126.941896,1984-03-31
39,2,230,신림,37.484216,126.929573,1984-03-31
40,2,231,신대방,37.487534,126.913279,1984-03-31
41,2,232,구로디지털단지,37.485005,126.902626,1984-03-31
42,2,233,대림,37.492426,126.895293,1984-03-31
43,2,234,신도림,37.508815,126.891222,1984-03-31
44,2,235,문래,37.517993,126.894766,1984-03-31
45,2,236,영등포구청,37.525766,126.896627,1984-05-22
46,2,237,당산,37.533877,126.902011,1984-03-31
47,2,238,합정,37.550025,126.914557,1984-06-30
48,2,239,홍대입구,37.556748,126.923643,1983-04-30
49,2,240,신촌,37.555153,126.93689,1984-04-30
50,2,241,이대,37.556734,126.945897,1984-04-30
51,2,242,아현,37.557407,126.956079,1984-05-15
52,2,243,충정로,37.559742,126.964455,1984-04-30
53,2,201,시청,37.563534,126.975271,1984-04-30
54,2,246,신설동,37.574653,127.025158,1977-08-29
55,2,250,용두,37.574012,127.03811,2005-12-30
56,2,245,신답,37.56147,127.056348,1980-09-30
57,2,244,용답,37.566412,126.977863,1980-08-30
58,2,247,도림천,37.514759,126.882586,1991-11-13
59,2,248,양천구청,37.512194,126.865193,1991-10-07
60,2,249,신정네거리,37.520218,126.852849,1996-02-15
61,2,200,까치산,37.53181,126.846706,1996-02-15
62,3,309,지축,37.648281,126.912551,1990-03-27
63,3,310,구파발,37.636612,126.918827,1985-07-12
64,3,311,연신내,37.618855,126.920859,1985-07-12
65,3,312,불광,37.610554,126.929843,1985-07-12
66,3,313,녹번,37.600882,126.935758,1985-07-12
67,3,314,홍제,37.588851,126.944092,1980-07-18
68,3,315,무악재,37.582658,126.950131,1985-07-12
69,3,316,독립문,37.574534,126.957902,1985-12-20
70,3,317,경복궁,37.575844,126.973576,1985-10-18
71,3,318,안국,37.576562,126.98547,1985-10-18
72,3,319,종로3가,37.571537,126.991237,1985-10-18
73,3,320,을지로3가,37.566299,126.992616,1985-12-20
74,3,321,충무로,37.561302,126.995473,1985-10-18
75,3,322,동대입구,37.55816,127.005273,1985-10-18
76,3,323,약수,37.554674,127.010628,1985-10-18
77,3,324,금호,37.548269,127.015785,1985-10-18
78,3,325,옥수,37.541653,127.017303,1985-12-20
79,3,326,압구정,37.526169,127.028502,1985-10-18
80,3,327,신사,37.516438,127.020247,1985-10-18
81,3,328,잠원,37.512989,127.011613,1985-10-18
82,3,329,고속터미널,37.504953,127.004916,1983-09-17
83,3,330,교대,37.49306,127.013796,1985-10-18
84,3,331,남부터미널,37.48494,127.016289,1985-10-18
85,3,332,양재,37.48466,127.03513,1985-10-18
86,3,333,매봉,37.487114,127.046907,1993-12-31
87,3,334,도곡,37.491129,127.055694,1993-12-30
88,3,335,대치,37.494601,127.063449,1993-12-30
89,3,336,학여울,37.496757,127.070541,1993-12-20
90,3,337,대청,37.493607,127.079526,1993-12-10
91,3,338,일원,37.48389,127.08416,1993-12-10
92,3,339,수서,37.487507,127.101324,1993-12-10
93,3,340,가락시장,37.492368,127.118101,2004-07-07
94,3,341,경찰병원,37.495754,127.124198,2010-04-30
95,3,342,오금,37.502288,127.128344,2010-04-30
96,4,409,당고개,37.66956,127.078404,1993-07-31
97,4,410,상계,37.660576,127.073199,1985-05-20
98,4,411,노원,37.656274,127.063183,1985-05-20
99,4,412,창동,37.652993,127.046746,1985-05-20
100,4,413,쌍문,37.648274,127.034381,1985-05-20
101,4,414,수유,37.637127,127.024731,1985-04-20
102,4,415,미아,37.626435,127.026151,1985-04-20
103,4,416,미아사거리,37.613276,127.030083,1985-04-20
104,4,417,길음,37.604087,127.025353,1985-04-20
105,4,418,성신여대입구,37.592782,127.017338,1985-04-20
106,4,419,한성대입구,37.58838,127.006751,1985-05-20
107,4,420,혜화,37.582116,127.001759,1985-12-20
108,4,421,동대문,37.5708397,127.009403,1985-12-20
109,4,422,동대문역사문화공원,37.565083,127.007645,1985-10-18
110,4,423,충무로,37.561302,126.995473,1985-10-18
111,4,424,명동,37.561055,126.988271,1985-10-18
112,4,425,회현,37.559698,126.979565,1985-12-20
113,4,426,서울,37.553172,126.972836,1985-10-18
114,4,427,숙대입구,37.545124,126.971952,1985-10-18
115,4,428,삼각지,37.535057,126.973354,1985-10-18
116,4,429,신용산,37.52919,126.96858,1985-10-18
117,4,430,이촌,37.522525,126.97335,1985-10-18
118,4,431,동작,37.503567,126.980171,1985-12-20
119,4,432,총신대입구,37.487521,126.982309,1985-10-18
120,4,433,사당,37.476563,126.981746,1985-10-18
121,4,434,남태령,37.464339,126.989081,1985-10-18
122,5,2511,방화,37.577669,126.812822,1996-02-29
123,5,2512,개화산,37.572458,126.806838,1996-02-29
124,5,2513,김포공항,37.56217,126.801273,1996-02-29
125,5,2514,송정,37.561411,126.812052,1996-02-29
126,5,2515,마곡,37.562182,126.82693,1996-02-29
127,5,2516,발산,37.562182,126.82693,1996-02-29
128,5,2517,우장산,37.548864,126.83633,1996-02-28
129,5,2518,화곡,37.541585,126.840436,1996-02-29
130,5,2519,까치산,37.53181,126.846706,1996-02-24
131,5,2520,신정,37.525001,126.856176,1996-11-30
132,5,2521,목동,37.526088,126.864296,1996-09-25
133,5,2522,오목교,37.524557,126.875049,1996-09-24
134,5,2523,양평,37.525614,126.886177,1996-09-24
135,5,2524,영등포구청,37.524209,126.895022,1996-09-30
136,5,2525,영등포시장,37.52276,126.905143,1996-09-30
137,5,2526,신길,37.51763,126.914886,1996-09-21
138,5,2527,여의도,37.521578,126.924318,1996-10-30
139,5,2528,여의나루,37.527145,126.932807,1997-06-30
140,5,2529,마포,37.539718,126.946043,1997-02-26
141,5,2530,공덕,37.544005,126.951058,1997-02-28
142,5,2531,애오개,37.553592,126.956733,1997-02-24
143,5,2532,충정로,37.560061,126.962783,1997-02-25
144,5,2533,서대문,37.565812,126.966639,1997-02-25
145,5,2534,광화문,37.570545,126.976568,1997-02-26
146,5,2535,종로3가,37.572546,126.990447,1997-02-28
147,5,2536,을지로4가,37.56658,126.998127,1997-02-28
148,5,2537,동대문역사문화공원,37.564682,127.00533,1997-02-26
149,5,2538,청구,37.560237,127.01379,1997-02-27
150,5,2539,신금호,37.554504,127.020403,1997-02-26
151,5,2540,행당,37.557297,127.029482,1997-02-28
152,5,2541,왕십리,37.56197,127.037264,1996-12-01
153,5,2542,마장,37.566066,127.042921,1996-02-15
154,5,2543,답십리,37.566833,127.05266,1996-02-01
155,5,2544,장한평,37.561438,127.064601,1995-12-01
156,5,2545,군자,37.557102,127.079559,1996-02-01
157,5,2546,아차산,37.552005,127.089609,1996-02-01
158,5,2547,광나루,37.545301,127.103478,1996-02-15
159,5,2548,천호,37.538566,127.123539,1996-02-15
160,5,2549,강동,37.53581,127.13249,1997-10-31
161,5,2550,길동,37.538022,127.140085,1996-02-15
162,5,2551,굽은다리,37.545442,127.142844,1996-02-15
163,5,2552,명일,37.551317,127.144002,1996-02-14
164,5,2553,고덕,37.555002,127.154214,1996-02-15
165,5,2554,상일동,37.556714,127.166381,1996-02-15
166,5,2555,둔촌동,37.527787,127.136219,1996-06-30
167,5,2556,올림픽공원,37.516217,127.130957,1996-06-30
168,5,2557,방이,37.508752,127.126054,1996-06-29
169,5,2558,오금,37.502228,127.127701,1996-06-30
170,5,2559,개롱,37.498097,127.134817,1996-06-30
171,5,2560,거여,37.493208,127.143983,1996-06-30
172,5,2561,마천,37.494972,127.152784,1996-06-30
173,5,2562,강일,37.557521,127.176018,2020-03-31
174,5,2563,미사,37.56329,127.192954,2020-03-31
175,5,2564,하남풍산,37.552201,127.203897,2020-08-31
176,5,2565,하남시청,37.541723,127.206901,2020-08-31
177,5,2566,하남검단산,37.539729,127.223427,2020-08-31
178,6,2611,응암,37.59859,126.915583,2001-04-09
179,6,2612,역촌,37.60605,126.922764,2001-04-09
180,6,2613,불광,37.610919,126.929504,2001-04-09
181,6,2614,독바위,37.618413,126.933035,2001-04-09
182,6,2616,연신내,37.618596,126.920519,2001-04-09
183,6,2617,구산,37.611223,126.917246,2001-04-09
184,6,2618,새절,37.591148,126.913613,2001-03-14
185,6,2619,증산,37.583989,126.909785,2001-03-14
186,6,2620,디지털미디어시티,37.577005,126.898643,2001-12-27
187,6,2621,월드컵경기장,37.569439,126.899077,2001-12-27
188,6,2622,마포구청,37.563535,126.903326,2001-12-27
189,6,2623,망원,37.556031,126.910129,2001-09-06
190,6,2624,합정,37.549033,126.913546,2001-09-06
191,6,2625,상수,37.547704,126.92292,2001-09-06
192,6,2626,광흥창,37.547464,126.931971,2001-04-30
193,6,2627,대흥,37.547732,126.942214,2001-04-30
194,6,2628,공덕,37.543592,126.951664,2001-05-15
195,6,2629,효창공원앞,37.539279,126.961348,2001-05-15
196,6,2630,삼각지,37.535563,126.973996,2001-05-15
197,6,2631,녹사평,37.53469,126.98665,2001-05-15
198,6,2632,이태원,37.534485,126.994369,2001-08-31
199,6,2633,한강진,37.53956,127.001729,2001-08-31
200,6,2634,버티고개,37.547933,127.006948,2001-08-31
201,6,2635,약수,37.554087,127.010237,2001-08-31
202,6,2636,청구,37.560221,127.013776,2002-12-31
203,6,2637,신당,37.566174,127.016158,2002-12-31
204,6,2638,동묘앞,37.572275,127.015666,2002-12-31
205,6,2639,창신,37.579772,127.015246,2001-12-31
206,6,2640,보문,37.585293,127.019377,2001-12-31
207,6,2641,안암,37.586261,127.02903,2001-12-31
208,6,2642,고려대,37.59034,127.03626,2001-12-31
209,6,2643,월곡,37.60192,127.041492,2011-12-31
210,6,2644,상월곡,37.606392,127.048509,2001-06-08
211,6,2645,돌곶이,37.610522,127.056419,2001-06-08
212,6,2646,석계,37.614937,127.065922,2001-06-08
213,6,2647,태릉입구,37.617319,127.074741,2001-03-15
214,6,2648,화랑대,37.619875,127.084106,2001-03-15
215,6,2615,봉화산,37.617293,127.091375,2000-11-30
216,6,2649,신내,37.612571,127.104326,2020-12-31
217,7,2711,장암,37.70015,127.053126,1997-05-12
218,7,2712,도봉산,37.689131,127.046548,1996-12-23
219,7,2713,수락산,37.677804,127.055314,1997-05-04
220,7,2714,마들,37.664985,127.057701,1996-10-30
221,7,2715,노원,37.654478,127.060555,1996-11-30
222,7,2716,중계,37.645052,127.064084,1996-11-30
223,7,2717,하계,37.636363,127.067999,1996-08-31
224,7,2718,공릉,37.625642,127.072969,1996-11-30
225,7,2719,태릉입구,37.617319,127.074741,2001-03-15
226,7,2720,먹골,37.610638,127.077719,1996-10-31
227,7,2721,중화,37.602604,127.079254,1996-08-28
228,7,2722,상봉,37.595673,127.085708,1997-03-26
229,7,2723,면목,37.588671,127.087503,1997-03-31
230,7,2724,사가정,37.580912,127.088502,1996-11-30
231,7,2725,용마산,37.573752,127.086802,1996-10-31
232,7,2726,중곡,37.565877,127.084291,1996-11-30
233,7,2727,군자,37.557151,127.079484,1996-11-30
234,7,2728,어린이대공원,37.547962,127.07465,1996-11-30
235,7,2729,건대입구,37.540882,127.071103,1997-02-28
236,7,2730,뚝섬유원지,37.531558,127.066714,2000-12-31
237,7,2731,청담,37.519097,127.051851,2001-03-01
238,7,2732,강남구청,37.517185,127.04122,2001-03-01
239,7,2733,학동,37.514262,127.031738,2001-03-01
240,7,2734,논현,37.511108,127.021385,2001-01-10
241,7,2735,반포,37.508171,127.011717,2001-01-10
242,7,2736,고속터미널,37.503387,127.005055,2001-01-10
243,7,2737,내방,37.48764,126.993541,2001-01-12
244,7,2738,총신대입구,37.485258,126.981766,2001-01-12
245,7,2739,남성,37.484688,126.971108,2000-12-11
246,7,2740,숭실대입구,37.496258,126.953649,2000-12-11
247,7,2741,상도,37.50279,126.947949,2000-11-30
248,7,2742,장승배기,37.504845,126.939025,2000-11-30
249,7,2743,신대방삼거리,37.499717,126.928218,2000-11-30
250,7,2744,보라매,37.499916,126.920112,2000-11-30
251,7,2745,신풍,37.500107,126.909806,2000-11-30
252,7,2746,대림,37.492984,126.896997,2000-11-30
253,7,2747,남구로,37.486181,126.887372,2000-11-30
254,7,2748,가산디지털단지,37.480376,126.882704,2000-11-30
255,7,2749,철산,37.47616,126.868217,2000-04-29
256,7,2750,광명사거리,37.47927,126.854854,2000-11-30
257,7,2751,천왕,37.486699,126.838684,2000-11-30
258,7,2752,온수,37.492059,126.823294,2000-11-30
259,8,2811,암사,37.550127,127.127521,1999-11-30
260,8,2812,천호,37.53792,127.123179,1999-11-30
261,8,2813,강동구청,37.530348,127.120461,1999-11-30
262,8,2814,몽촌토성,37.517692,127.11274,1999-11-30
263,8,2815,잠실,37.514649,127.104267,1997-05-30
264,8,2816,석촌,37.505396,127.106995,1996-11-10
265,8,2817,송파,37.49978,127.11212,1998-12-15
266,8,2818,가락시장,37.493004,127.118279,1998-12-15
267,8,2819,문정,37.485931,127.122473,1996-11-30
268,8,2820,장지,37.478609,127.126229,1996-11-30
269,8,2821,복정,37.471016,127.126746,1996-12-30
270,8,2828,남위례,37.462839,127.139047,2021-12-31
271,8,2822,산성,37.456886,127.149927,1996-10-31
272,8,2823,남한산성입구,37.451568,127.159845,1996-10-31
273,8,2824,단대오거리,37.445057,127.156735,1996-12-28
274,8,2825,신흥,37.440952,127.14759,1996-12-28
275,8,2826,수진,37.437575,127.140936,1996-12-28
276,8,2827,모란,37.433888,127.129921,1996-11-30
277,1,100,소요산,37.948565,127.061162,2026-01-25
278,1,100-1,청산,37.995102,127.074368,2026-01-25
279,1,100-2,전곡,38.024335,127.071429,2026-01-25
280,1,100-3,연천,38.101498,127.073791,2026-01-25
281,1,101,동두천,37.927341,127.054649,2026-01-25
282,1,102,보산,37.914065,127.057179,2026-01-25
283,1,103,동두천중앙,37.901504,127.056438,2026-01-25
284,1,104,지행,37.892247,127.055709,2026-01-25
285,1,105,덕정,37.843407,127.061479,2026-01-25
286,1,106,덕계,37.818528,127.056513,2026-01-25
287,1,107,양주,37.774075,127.044681,2026-01-25
288,1,108,녹양,37.759282,127.042233,2026-01-25
289,1,109,가능,37.748327,127.044339,2026-01-25
290,1,110,의정부,37.738375,127.04597,2026-01-25
291,1,111,회룡,37.724171,127.047303,2026-01-25
292,1,112,망월사,37.71032,127.04735,2026-01-25
293,1,113,도봉산,37.689484,127.046077,2026-01-25
294,1,114,도봉,37.679187,127.045503,2026-01-25
295,1,115,방학,37.667347,127.044304,2026-01-25
296,1,116,창동,37.652989,127.047812,2026-01-25
297,1,117,녹천,37.644571,127.051456,2026-01-25
298,1,118,월계,37.633295,127.058813,2026-01-25
299,1,119,광운대,37.623658,127.061834,2026-01-25
300,1,120,석계,37.615041,127.065723,2026-01-25
301,1,121,신이문,37.601761,127.067288,2026-01-25
302,1,122,외대앞,37.59576,127.063294,2026-01-25
303,1,123,회기,37.5896,127.057683,2026-01-25
304,1,134,남영,37.540796,126.971282,2026-01-25
305,1,135,용산,37.529613,126.964589,2026-01-25
306,1,136,노량진,37.514118,126.94196,2026-01-25
307,1,137,대방,37.513355,126.92664,2026-01-25
308,1,138,신길,37.516972,126.917335,2026-01-25
309,1,139,영등포,37.515524,126.907705,2026-01-25
310,1,140,신도림,37.508877,126.891291,2026-01-25
311,1,141,구로,37.502981,126.881888,2026-01-25
312,1,142,구일,37.496046,126.869398,2026-01-25
313,1,143,개봉,37.494575,126.858867,2026-01-25
314,1,144,오류동,37.494301,126.844301,2026-01-25
315,1,145,온수,37.4924,126.823952,2026-01-25
316,1,146,역곡,37.48519,126.811764,2026-01-25
317,1,147,소사,37.482764,126.795751,2026-01-25
318,1,148,부천,37.484114,126.782445,2026-01-25
319,1,149,중동,37.486704,126.764043,2026-01-25
320,1,150,송내,37.48765,126.752898,2026-01-25
321,1,151,부개,37.488528,126.740429,2026-01-25
322,1,152,부평,37.48949,126.724232,2026-01-25
323,1,153,백운,37.483167,126.707089,2026-01-25
324,1,154,동암,37.470966,126.702938,2026-01-25
325,1,155,간석,37.464729,126.693645,2026-01-25
326,1,156,주안,37.465035,126.680182,2026-01-25
327,1,157,도화,37.466119,126.66824,2026-01-25
328,1,158,제물포,37.466789,126.65723,2026-01-25
329,1,159,도원,37.468794,126.642373,2026-01-25
330,1,160,동인천,37.475608,126.63254,2026-01-25
331,1,161,인천,37.476266,126.616855,2026-01-25
332,3,309,대화,37.676035,126.747802,2026-01-25
333,3,310,주엽,37.670169,126.76116,2026-01-25
334,3,311,정발산,37.659519,126.773319,2026-01-25
335,3,312,마두,37.651983,126.777722,2026-01-25
336,3,313,백석,37.643064,126.787958,2026-01-25
337,3,314,대곡,37.631665,126.810961,2026-01-25
338,3,315,화정,37.634661,126.832557,2026-01-25
339,3,316,원당,37.653203,126.842912,2026-01-25
340,3,317,원흥,37.650695,126.873002,2026-01-25
341,3,318,삼송,37.653232,126.895195,2026-01-25
342,4,405,진접,37.719907,127.203182,2026-01-25
343,4,406,오남,37.705238,127.191084,2026-01-25
344,4,408,별내별가람,37.667844,127.116151,2026-01-25
345,4,409,불암산,37.670535,127.079246,2026-01-25
346,4,432,이수,37.486867,126.982194,2026-01-25
347,4,435,선바위,37.451702,127.002247,2026-01-25
348,4,436,경마공원,37.443934,127.007837,2026-01-25
349,4,437,대공원,37.435799,127.006554,2026-01-25
350,4,438,과천,37.432818,126.996571,2026-01-25
351,4,439,정부과천청사,37.426558,126.989893,2026-01-25
352,4,440,인덕원,37.401814,126.976608,2026-01-25
353,4,441,평촌,37.394269,126.963791,2026-01-25
354,4,442,범계,37.38979,126.950704,2026-01-25
355,4,443,금정,37.37235,126.94351,2026-01-25
356,4,444,산본,37.358071,126.933008,2026-01-25
357,4,445,수리산,37.350423,126.925604,2026-01-25
358,4,446,대야미,37.328037,126.916885,2026-01-25
359,4,447,반월,37.312124,126.903513,2026-01-25
360,4,448,상록수,37.302826,126.866289,2026-01-25
361,4,449,한대앞,37.309775,126.853576,2026-01-25
362,4,450,중앙,37.315978,126.838477,2026-01-25
363,4,451,고잔,37.316795,126.822914,2026-01-25
364,4,452,초지,37.320646,126.805981,2026-01-25
365,4,453,안산,37.327063,126.788668,2026-01-25
366,4,454,신길온천,37.337412,126.767387,2026-01-25
367,4,455,정왕,37.351843,126.742728,2026-01-25
368,4,456,오이도,37.362106,126.738551,2026-01-25
369,7,728,자양,37.531728,127.066734,2026-01-25
370,7,736,이수,37.485222,126.981627,2026-01-25
371,7,751,까치울,37.506199,126.811252,2026-01-25
372,7,752,부천종합운동장,37.505511,126.797356,2026-01-25
373,7,753,춘의,37.50368,126.786952,2026-01-25
374,7,754,신중동,37.503054,126.776105,2026-01-25
375,7,755,부천시청,37.5046,126.764031,2026-01-25
376,7,756,상동,37.505789,126.753048,2026-01-25
377,7,757,삼산체육관,37.506457,126.742173,2026-01-25
378,7,758,굴포천,37.506966,126.731266,2026-01-25
379,7,759,부평구청,37.507439,126.720993,2026-01-25
380,7,760,산곡,37.508622,126.703516,2026-01-25
381,7,761,석남,37.506224,126.676105,2026-01-25
382,8,804,별내,37.642118,127.127077,2026-01-25
383,8,805,다산,37.62421,127.149741,2026-01-25
384,8,806,동구릉,37.611119,127.137988,2026-01-25
385,8,807,구리,37.602718,127.140614,2026-01-25
386,8,808,장자호수공원,37.587183,127.137897,2026-01-25
387,8,809,암사역사공원,37.557319,127.138212,2026-01-25
388,9,901,개화,37.578479,126.797279,2026-01-25
389,9,902,김포공항,37.561984,126.801933,2026-01-25
390,9,903,공항시장,37.563701,126.810561,2026-01-25
391,9,904,신방화,37.567553,126.817077,2026-01-25
392,9,905,마곡나루,37.5667,126.827478,2026-01-25
393,9,906,양천향교,37.568307,126.841539,2026-01-25
394,9,907,가양,37.561603,126.854074,2026-01-25
395,9,908,증미,37.558081,126.860761,2026-01-25
396,9,909,등촌,37.550716,126.865619,2026-01-25
397,9,910,염창,37.546971,126.874662,2026-01-25
398,9,911,신목동,37.544243,126.883147,2026-01-25
399,9,912,선유도,37.537827,126.893912,2026-01-25
400,9,913,당산,37.533966,126.901691,2026-01-25
401,9,914,국회의사당,37.528202,126.917718,2026-01-25
402,9,915,여의도,37.521715,126.924126,2026-01-25
403,9,916,샛강,37.517115,126.928583,2026-01-25
404,9,917,노량진,37.513584,126.940603,2026-01-25
405,9,918,노들,37.512666,126.952856,2026-01-25
406,9,919,흑석,37.509134,126.96339,2026-01-25
407,9,920,동작,37.503026,126.977843,2026-01-25
408,9,921,구반포,37.501402,126.987337,2026-01-25
409,9,922,신반포,37.503523,126.996225,2026-01-25
410,9,923,고속터미널,37.505958,127.00418,2026-01-25
411,9,924,사평,37.50444,127.014839,2026-01-25
412,9,925,신논현,37.504444,127.024377,2026-01-25
413,공항철도,1,서울,37.55315,126.972533,2026-01-25
414,공항철도,2,공덕,37.542762,126.951452,2026-01-25
415,공항철도,3,홍대입구,37.557612,126.926528,2026-01-25
416,공항철도,4,디지털미디어시티,37.577407,126.898005,2026-01-25
417,공항철도,5,마곡나루,37.565755,126.827512,2026-01-25
418,공항철도,6,김포공항,37.56217,126.801273,2026-01-25
419,공항철도,7,계양,37.571794,126.736372,2026-01-25
420,공항철도,8,검암,37.569161,126.673753,2026-01-25
421,공항철도,9,청라국제도시,37.556374,126.624395,2026-01-25
422,공항철도,10,영종,37.511887,126.524653,2026-01-25
423,공항철도,11,운서,37.492768,126.493644,2026-01-25
424,공항철도,12,공항화물청사,37.458981,126.47729,2026-01-25
425,공항철도,13,인천공항1터미널,37.447512,126.452545,2026-01-25
426,공항철도,14,인천공항2터미널,37.46853,126.432963,2026-01-25
427,신분당선,15,신사,37.515913,127.019587,2026-01-25
428,신분당선,16,논현,37.510784,127.021457,2026-01-25
429,신분당선,17,신논현,37.50398,127.024712,2026-01-25
430,신분당선,18,강남,37.496491,127.028278,2026-01-25
431,신분당선,19,양재,37.483714,127.034844,2026-01-25
432,신분당선,20,양재시민의숲,37.469987,127.038472,2026-01-25
433,신분당선,21,청계산입구,37.448316,127.054687,2026-01-25
434,신분당선,22,판교,37.394954,127.111166,2026-01-25
435,신분당선,23,정자,37.367221,127.108374,2026-01-25
436,신분당선,24,미금,37.350154,127.108823,2026-01-25
437,신분당선,25,동천,37.337975,127.1028,2026-01-25
438,신분당선,26,수지구청,37.322531,127.094686,2026-01-25
439,신분당선,27,성복,37.313507,127.080354,2026-01-25
440,신분당선,28,상현,37.297649,127.069304,2026-01-25
441,신분당선,29,광교중앙,37.288485,127.051638,2026-01-25
442,신분당선,30,광교,37.301907,127.044623,2026-01-25
443,수인분당선,31,청량리,37.580552,127.048092,2026-01-25
444,수인분당선,32,왕십리,37.562183,127.038272,2026-01-25
445,수인분당선,33,서울숲,37.543412,127.04465,2026-01-25
446,수인분당선,34,압구정로데오,37.527326,127.04051,2026-01-25
447,수인분당선,35,강남구청,37.517041,127.04131,2026-01-25
448,수인분당선,36,선정릉,37.510623,127.043689,2026-01-25
449,수인분당선,37,선릉,37.504667,127.048959,2026-01-25
450,수인분당선,38,한티,37.496283,127.052839,2026-01-25
451,수인분당선,39,도곡,37.491089,127.055277,2026-01-25
452,수인분당선,40,구룡,37.486956,127.059536,2026-01-25
453,수인분당선,41,개포동,37.489127,127.066085,2026-01-25
454,수인분당선,42,대모산입구,37.491412,127.072693,2026-01-25
455,수인분당선,43,수서,37.487432,127.101487,2026-01-25
456,수인분당선,44,복정,37.470819,127.126693,2026-01-25
457,수인분당선,45,가천대,37.448568,127.126727,2026-01-25
458,수인분당선,46,태평,37.439731,127.127737,2026-01-25
459,수인분당선,47,모란,37.432351,127.129056,2026-01-25
460,수인분당선,48,야탑,37.41143,127.128744,2026-01-25
461,수인분당선,49,이매,37.396114,127.128228,2026-01-25
462,수인분당선,50,서현,37.385106,127.123461,2026-01-25
463,수인분당선,51,수내,37.378442,127.114275,2026-01-25
464,수인분당선,52,정자,37.367221,127.108374,2026-01-25
465,수인분당선,53,미금,37.350136,127.109055,2026-01-25
466,수인분당선,54,오리,37.339713,127.108917,2026-01-25
467,수인분당선,55,죽전,37.324877,127.1074,2026-01-25
468,수인분당선,56,보정,37.312954,127.108296,2026-01-25
469,수인분당선,57,구성,37.298945,127.105747,2026-01-25
470,수인분당선,58,신갈,37.28619,127.111278,2026-01-25
471,수인분당선,59,기흥,37.275981,127.115993,2026-01-25
472,수인분당선,60,상갈,37.261835,127.108614,2026-01-25
473,수인분당선,61,청명,37.259671,127.079102,2026-01-25
474,수인분당선,62,영통,37.251469,127.071239,2026-01-25
475,수인분당선,63,망포,37.2458,127.057002,2026-01-25
476,수인분당선,64,매탄권선,37.252504,127.040778,2026-01-25
477,수인분당선,65,수원시청,37.261849,127.030943,2026-01-25
478,수인분당선,66,매교,37.265563,127.015576,2026-01-25
479,수인분당선,67,수원,37.266244,127.000167,2026-01-25
480,수인분당선,68,고색,37.249676,126.980417,2026-01-25
481,수인분당선,69,오목천,37.243422,126.964051,2026-01-25
482,수인분당선,70,어천,37.250155,126.908766,2026-01-25
483,수인분당선,71,야목,37.26128,126.883847,2026-01-25
484,수인분당선,72,사리,37.291001,126.867239,2026-01-25
485,수인분당선,73,한대앞,37.309775,126.853576,2026-01-25
486,수인분당선,74,중앙,37.315978,126.838477,2026-01-25
487,수인분당선,75,고잔,37.316795,126.822914,2026-01-25
488,수인분당선,76,초지,37.320646,126.805981,2026-01-25
489,수인분당선,77,안산,37.327063,126.788668,2026-01-25
490,수인분당선,78,신길온천,37.337412,126.767387,2026-01-25
491,수인분당선,79,정왕,37.351843,126.742728,2026-01-25
492,수인분당선,80,오이도,37.362106,126.738551,2026-01-25
493,수인분당선,81,달월,37.380118,126.745484,2026-01-25
494,수인분당선,82,월곶,37.391902,126.742597,2026-01-25
495,수인분당선,83,소래포구,37.40106,126.733264,2026-01-25
496,수인분당선,84,인천논현,37.400633,126.722265,2026-01-25
497,수인분당선,85,호구포,37.401891,126.70812,2026-01-25
498,수인분당선,86,남동인더스파크,37.407577,126.695454,2026-01-25
499,수인분당선,87,원인재,37.413139,126.686532,2026-01-25
500,수인분당선,88,연수,37.418079,126.678424,2026-01-25
501,수인분당선,89,송도,37.430007,126.654507,2026-01-25
502,수인분당선,90,학익,37.438796,126.648609,2026-01-25
503,수인분당선,91,인하대,37.448231,126.649695,2026-01-25
504,수인분당선,92,숭의,37.460841,126.638334,2026-01-25
505,수인분당선,93,신포,37.468584,126.624271,2026-01-25
506,수인분당선,94,인천,37.476423,126.617394,2026-01-25
507,1,P1,가산디지털단지,37.481117,126.88277,2026-01-25
508,1,P2,독산,37.466089,126.889484,2026-01-25
509,1,P3,금천구청,37.455873,126.893862,2026-01-25
510,1,P4,광명,37.416662,126.884957,2026-01-25
511,1,P5,석수,37.435354,126.902223,2026-01-25
512,1,P6,관악,37.419207,126.908747,2026-01-25
513,1,P7,안양,37.401843,126.922743,2026-01-25
514,1,P8,명학,37.385005,126.935329,2026-01-25
515,1,P9,금정,37.37235,126.94351,2026-01-25
516,1,P10,군포,37.353782,126.948518,2026-01-25
517,1,P11,당정,37.343615,126.948353,2026-01-25
518,1,P12,의왕,37.32131,126.947995,2026-01-25
519,1,P13,성균관대,37.300253,126.971241,2026-01-25
520,1,P14,화서,37.284838,126.989047,2026-01-25
521,1,P15,수원,37.266285,126.999642,2026-01-25
522,1,P16,세류,37.244135,127.013721,2026-01-25
523,1,P17,병점,37.206703,127.033159,2026-01-25
524,1,P18,서동탄,37.19557,127.052064,2026-01-25
525,1,P19,세마,37.187195,127.043322,2026-01-25
526,1,P20,오산대,37.169405,127.063036,2026-01-25
527,1,P21,오산,37.145599,127.066766,2026-01-25
528,1,P22,진위,37.109902,127.062338,2026-01-25
529,1,P23,송탄,37.075255,127.054363,2026-01-25
530,1,P24,서정리,37.057173,127.052931,2026-01-25
531,1,P25,평택지제,37.018658,127.07049,2026-01-25
532,1,P26,평택,36.990723,127.085326,2026-01-25
533,1,P27,성환,36.915914,127.126888,2026-01-25
534,1,P28,직산,36.87063,127.14397,2026-01-25
535,1,P29,두정,36.833251,127.149009,2026-01-25
536,1,P30,천안,36.809324,127.146291,2026-01-25
537,1,P31,봉명,36.801159,127.135694,2026-01-25
538,1,P32,쌍용,36.793679,127.121326,2026-01-25
539,1,P33,아산,36.792124,127.104526,2026-01-25
540,1,P34,탕정,36.788333,127.084718,2026-01-25
541,1,P35,배방,36.777711,127.053109,2026-01-25
542,1,P36,온양온천,36.780506,127.00321,2026-01-25
543,1,P37,신창,36.76932,126.950423,2026-01-25
