station_id,created_at,latitude,line_name,longitude,station_code,station_name,updated_at
1,"2026-01-26 11:17:48.222499",37.948565,1호선,127.061162,100,소요산역,"2026-01-26 11:18:09.104394"
2,"2026-01-26 11:17:48.264352",37.995102,1호선,127.074368,100-1,청산역,"2026-01-26 11:18:09.104394"
3,"2026-01-26 11:17:48.272543",38.024335,1호선,127.071429,100-2,전곡역,"2026-01-26 11:18:09.104394"
4,"2026-01-26 11:17:48.277656",38.101498,1호선,127.073791,100-3,연천역,"2026-01-26 11:18:09.104394"
5,"2026-01-26 11:17:48.283076",37.927341,1호선,127.054649,101,동두천역,"2026-01-26 11:18:09.104394"
6,"2026-01-26 11:17:48.289406",37.914065,1호선,127.057179,102,보산역,"2026-01-26 11:18:09.104394"
7,"2026-01-26 11:17:48.294841",37.901504,1호선,127.056438,103,동두천중앙역,"2026-01-26 11:18:09.104394"
8,"2026-01-26 11:17:48.300824",37.892247,1호선,127.055709,104,지행역,"2026-01-26 11:18:09.104394"
9,"2026-01-26 11:17:48.306769",37.843407,1호선,127.061479,105,덕정역,"2026-01-26 11:18:09.104394"
10,"2026-01-26 11:17:48.312752",37.818528,1호선,127.056513,106,덕계역,"2026-01-26 11:18:09.104394"
11,"2026-01-26 11:17:48.317049",37.774075,1호선,127.044681,107,양주역,"2026-01-26 11:18:09.104394"
12,"2026-01-26 11:17:48.321835",37.759282,1호선,127.042233,108,녹양역,"2026-01-26 11:18:09.104394"
13,"2026-01-26 11:17:48.326210",37.748327,1호선,127.044339,109,가능역,"2026-01-26 11:18:09.104394"
14,"2026-01-26 11:17:48.331075",37.738375,1호선,127.04597,110,의정부역,"2026-01-26 11:18:09.104394"
15,"2026-01-26 11:17:48.335951",37.724171,1호선,127.047303,111,회룡역,"2026-01-26 11:18:09.104394"
16,"2026-01-26 11:17:48.340281",37.71032,1호선,127.04735,112,망월사역,"2026-01-26 11:18:09.104394"
17,"2026-01-26 11:17:48.344589",37.689484,1호선,127.046077,113,도봉산역,"2026-01-26 11:18:09.104394"
18,"2026-01-26 11:17:48.348288",37.679187,1호선,127.045503,114,도봉역,"2026-01-26 11:18:09.104394"
19,"2026-01-26 11:17:48.351992",37.667347,1호선,127.044304,115,방학역,"2026-01-26 11:18:09.104394"
20,"2026-01-26 11:17:48.356259",37.652989,1호선,127.047812,116,창동역,"2026-01-26 11:18:09.104394"
21,"2026-01-26 11:17:48.360648",37.644571,1호선,127.051456,117,녹천역,"2026-01-26 11:18:09.104394"
22,"2026-01-26 11:17:48.364979",37.633295,1호선,127.058813,118,월계역,"2026-01-26 11:18:09.104394"
23,"2026-01-26 11:17:48.369209",37.623658,1호선,127.061834,119,광운대역,"2026-01-26 11:18:09.104394"
24,"2026-01-26 11:17:48.373709",37.615041,1호선,127.065723,120,석계역,"2026-01-26 11:18:09.104394"
25,"2026-01-26 11:17:48.377481",37.601761,1호선,127.067288,121,신이문역,"2026-01-26 11:18:09.104394"
26,"2026-01-26 11:17:48.381288",37.59576,1호선,127.063294,122,외대앞역,"2026-01-26 11:18:09.104394"
27,"2026-01-26 11:17:48.384537",37.5896,1호선,127.057683,123,회기역,"2026-01-26 11:18:09.104394"
28,"2026-01-26 11:17:48.387592",37.580148,1호선,127.045063,124,청량리역,"2026-01-26 11:18:09.104394"
29,"2026-01-26 11:17:48.391673",37.578116,1호선,127.034902,125,제기동역,"2026-01-26 11:18:09.104394"
30,"2026-01-26 11:17:48.394672",37.576117,1호선,127.02471,126,신설동역,"2026-01-26 11:18:09.104394"
31,"2026-01-26 11:17:48.399255",37.573265,1호선,127.016459,127,동묘앞역,"2026-01-26 11:18:09.104394"
32,"2026-01-26 11:17:48.403619",37.57179,1호선,127.011383,128,동대문역,"2026-01-26 11:18:09.104394"
33,"2026-01-26 11:17:48.408054",37.570971,1호선,127.0019,129,종로5가역,"2026-01-26 11:18:09.104394"
34,"2026-01-26 11:17:48.412448",37.570429,1호선,126.992095,130,종로3가역,"2026-01-26 11:18:09.104394"
35,"2026-01-26 11:17:48.417280",37.570203,1호선,126.983116,131,종각역,"2026-01-26 11:18:09.104394"
36,"2026-01-26 11:17:48.422688",37.56359,1호선,126.975407,132,시청역,"2026-01-26 11:18:09.104394"
37,"2026-01-26 11:17:48.429217",37.55315,1호선,126.972533,133,서울역,"2026-01-26 11:18:09.104394"
38,"2026-01-26 11:17:48.436033",37.540796,1호선,126.971282,134,남영역,"2026-01-26 11:18:09.104394"
39,"2026-01-26 11:17:48.441942",37.529613,1호선,126.964589,135,용산역,"2026-01-26 11:18:09.104394"
40,"2026-01-26 11:17:48.447864",37.514118,1호선,126.94196,136,노량진역,"2026-01-26 11:18:09.104394"
41,"2026-01-26 11:17:48.453787",37.513355,1호선,126.92664,137,대방역,"2026-01-26 11:18:09.104394"
42,"2026-01-26 11:17:48.461811",37.516972,1호선,126.917335,138,신길역,"2026-01-26 11:18:09.104394"
43,"2026-01-26 11:17:48.469211",37.515524,1호선,126.907705,139,영등포역,"2026-01-26 11:18:09.104394"
44,"2026-01-26 11:17:48.475611",37.508877,1호선,126.891291,140,신도림역,"2026-01-26 11:18:09.104394"
45,"2026-01-26 11:17:48.481025",37.502981,1호선,126.881888,141,구로역,"2026-01-26 11:18:09.104394"
46,"2026-01-26 11:17:48.486918",37.496046,1호선,126.869398,142,구일역,"2026-01-26 11:18:09.104394"
47,"2026-01-26 11:17:48.492283",37.494575,1호선,126.858867,143,개봉역,"2026-01-26 11:18:09.104394"
48,"2026-01-26 11:17:48.498337",37.494301,1호선,126.844301,144,오류동역,"2026-01-26 11:18:09.104394"
49,"2026-01-26 11:17:48.504205",37.4924,1호선,126.823952,145,온수역,"2026-01-26 11:18:09.104394"
50,"2026-01-26 11:17:48.509533",37.48519,1호선,126.811764,146,역곡역,"2026-01-26 11:18:09.104394"
51,"2026-01-26 11:17:48.515316",37.482764,1호선,126.795751,147,소사역,"2026-01-26 11:18:09.104394"
52,"2026-01-26 11:17:48.519651",37.484114,1호선,126.782445,148,부천역,"2026-01-26 11:18:09.104394"
53,"2026-01-26 11:17:48.523893",37.486704,1호선,126.764043,149,중동역,"2026-01-26 11:18:09.104394"
54,"2026-01-26 11:17:48.528146",37.48765,1호선,126.752898,150,송내역,"2026-01-26 11:18:09.104394"
55,"2026-01-26 11:17:48.532001",37.488528,1호선,126.740429,151,부개역,"2026-01-26 11:18:09.104394"
56,"2026-01-26 11:17:48.535796",37.48949,1호선,126.724232,152,부평역,"2026-01-26 11:18:09.104394"
57,"2026-01-26 11:17:48.539579",37.483167,1호선,126.707089,153,백운역,"2026-01-26 11:18:09.104394"
58,"2026-01-26 11:17:48.543716",37.470966,1호선,126.702938,154,동암역,"2026-01-26 11:18:09.104394"
59,"2026-01-26 11:17:48.548280",37.464729,1호선,126.693645,155,간석역,"2026-01-26 11:18:09.104394"
60,"2026-01-26 11:17:48.552495",37.465035,1호선,126.680182,156,주안역,"2026-01-26 11:18:09.104394"
61,"2026-01-26 11:17:48.557287",37.466119,1호선,126.66824,157,도화역,"2026-01-26 11:18:09.104394"
62,"2026-01-26 11:17:48.562168",37.466789,1호선,126.65723,158,제물포역,"2026-01-26 11:18:09.104394"
63,"2026-01-26 11:17:48.567419",37.468794,1호선,126.642373,159,도원역,"2026-01-26 11:18:09.104394"
64,"2026-01-26 11:17:48.572227",37.475608,1호선,126.63254,160,동인천역,"2026-01-26 11:18:09.104394"
65,"2026-01-26 11:17:48.578130",37.476266,1호선,126.616855,161,인천역,"2026-01-26 11:18:09.104394"
66,"2026-01-26 11:17:48.581889",37.563534,2호선,126.975271,201,시청역,"2026-01-26 11:18:09.104394"
67,"2026-01-26 11:17:48.585653",37.565998,2호선,126.982569,202,을지로입구역,"2026-01-26 11:18:09.104394"
68,"2026-01-26 11:17:48.589031",37.566292,2호선,126.991773,203,을지로3가역,"2026-01-26 11:18:09.104394"
69,"2026-01-26 11:17:48.592856",37.566611,2호선,126.998122,204,을지로4가역,"2026-01-26 11:18:09.104394"
70,"2026-01-26 11:17:48.596161",37.565597,2호선,127.009113,205,동대문역사문화공원역,"2026-01-26 11:18:09.104394"
71,"2026-01-26 11:17:48.599881",37.565681,2호선,127.019488,206,신당역,"2026-01-26 11:18:09.104394"
72,"2026-01-26 11:17:48.603354",37.564504,2호선,127.028872,207,상왕십리역,"2026-01-26 11:18:09.104394"
73,"2026-01-26 11:17:48.607244",37.561159,2호선,127.035505,208,왕십리역,"2026-01-26 11:18:09.104394"
74,"2026-01-26 11:17:48.612029",37.55658,2호선,127.043504,209,한양대역,"2026-01-26 11:18:09.104394"
75,"2026-01-26 11:17:48.616348",37.54718,2호선,127.047413,210,뚝섬역,"2026-01-26 11:18:09.104394"
76,"2026-01-26 11:17:48.621975",37.544628,2호선,127.055983,211,성수역,"2026-01-26 11:18:09.104394"
77,"2026-01-26 11:17:48.627284",NULL,2호선성수지선,NULL,211-0,성수역,"2026-01-26 11:17:48.627284"
78,"2026-01-26 11:17:48.632914",NULL,2호선성수지선,NULL,211-1,용답역,"2026-01-26 11:17:48.632914"
79,"2026-01-26 11:17:48.638378",NULL,2호선성수지선,NULL,211-2,신답역,"2026-01-26 11:17:48.638378"
80,"2026-01-26 11:17:48.643735",NULL,2호선성수지선,NULL,211-3,용두역,"2026-01-26 11:17:48.643735"
81,"2026-01-26 11:17:48.649136",NULL,2호선성수지선,NULL,211-4,신설동역,"2026-01-26 11:17:48.649136"
82,"2026-01-26 11:17:48.654224",NULL,2호선,NULL,211-R,성수역,"2026-01-26 11:17:48.654224"
83,"2026-01-26 11:17:48.658498",37.540408,2호선,127.069231,212,건대입구역,"2026-01-26 11:18:09.104394"
84,"2026-01-26 11:17:48.663279",37.536857,2호선,127.085024,213,구의역,"2026-01-26 11:18:09.104394"
85,"2026-01-26 11:17:48.669864",37.535161,2호선,127.094684,214,강변역,"2026-01-26 11:18:09.104394"
86,"2026-01-26 11:17:48.675788",37.520688,2호선,127.103836,215,잠실나루역,"2026-01-26 11:18:09.104394"
87,"2026-01-26 11:17:48.681319",37.513305,2호선,127.100129,216,잠실역,"2026-01-26 11:18:09.104394"
88,"2026-01-26 11:17:48.685671",37.520731,2호선,127.103738,217,잠실새내역,"2026-01-26 11:18:09.104394"
89,"2026-01-26 11:17:48.689978",37.511008,2호선,127.073641,218,종합운동장역,"2026-01-26 11:18:09.104394"
90,"2026-01-26 11:17:48.694285",37.508827,2호선,127.063203,219,삼성역,"2026-01-26 11:18:09.104394"
91,"2026-01-26 11:17:48.698339",37.504257,2호선,127.048174,220,선릉역,"2026-01-26 11:18:09.104394"
92,"2026-01-26 11:17:48.703605",37.500658,2호선,127.03643,221,역삼역,"2026-01-26 11:18:09.104394"
93,"2026-01-26 11:17:48.708431",37.497958,2호선,127.027539,222,강남역,"2026-01-26 11:18:09.104394"
94,"2026-01-26 11:17:48.714060",37.493957,2호선,127.014631,223,교대역,"2026-01-26 11:18:09.104394"
95,"2026-01-26 11:17:48.719911",37.49191,2호선,127.007945,224,서초역,"2026-01-26 11:18:09.104394"
96,"2026-01-26 11:17:48.724428",37.481469,2호선,126.997627,225,방배역,"2026-01-26 11:18:09.104394"
97,"2026-01-26 11:17:48.729782",37.476536,2호선,126.981631,226,사당역,"2026-01-26 11:18:09.104394"
98,"2026-01-26 11:17:48.734579",37.47693,2호선,126.963783,227,낙성대역,"2026-01-26 11:18:09.104394"
99,"2026-01-26 11:17:48.738880",37.481233,2호선,126.952745,228,서울대입구역,"2026-01-26 11:18:09.104394"
100,"2026-01-26 11:17:48.743801",37.482416,2호선,126.941896,229,봉천역,"2026-01-26 11:18:09.104394"
101,"2026-01-26 11:17:48.896262",37.484216,2호선,126.929573,230,신림역,"2026-01-26 11:18:09.104394"
102,"2026-01-26 11:17:48.902594",37.487534,2호선,126.913279,231,신대방역,"2026-01-26 11:18:09.104394"
103,"2026-01-26 11:17:48.907443",37.485005,2호선,126.902626,232,구로디지털단지역,"2026-01-26 11:18:09.104394"
104,"2026-01-26 11:17:48.912803",37.492426,2호선,126.895293,233,대림역,"2026-01-26 11:18:09.104394"
105,"2026-01-26 11:17:48.918397",37.508815,2호선,126.891222,234,신도림역,"2026-01-26 11:18:09.104394"
106,"2026-01-26 11:17:48.923060",NULL,2호선신도림지선,NULL,234-0,신도림역,"2026-01-26 11:17:48.923060"
107,"2026-01-26 11:17:48.927348",NULL,2호선신도림지선,NULL,234-1,도림천역,"2026-01-26 11:17:48.927348"
108,"2026-01-26 11:17:48.930847",NULL,2호선신도림지선,NULL,234-2,양천구청역,"2026-01-26 11:17:48.930847"
109,"2026-01-26 11:17:48.935233",NULL,2호선신도림지선,NULL,234-3,신정네거리역,"2026-01-26 11:17:48.935233"
110,"2026-01-26 11:17:48.938488",NULL,2호선신도림지선,NULL,234-4,까치산역,"2026-01-26 11:17:48.938488"
111,"2026-01-26 11:17:48.942770",37.517993,2호선,126.894766,235,문래역,"2026-01-26 11:18:09.104394"
112,"2026-01-26 11:17:48.946180",37.525766,2호선,126.896627,236,영등포구청역,"2026-01-26 11:18:09.104394"
113,"2026-01-26 11:17:48.949880",37.533877,2호선,126.902011,237,당산역,"2026-01-26 11:18:09.104394"
114,"2026-01-26 11:17:48.954173",37.550025,2호선,126.914557,238,합정역,"2026-01-26 11:18:09.104394"
115,"2026-01-26 11:17:48.958030",37.556748,2호선,126.923643,239,홍대입구역,"2026-01-26 11:18:09.104394"
116,"2026-01-26 11:17:48.961876",37.555153,2호선,126.93689,240,신촌역,"2026-01-26 11:18:09.104394"
117,"2026-01-26 11:17:48.965996",37.556734,2호선,126.945897,241,이대역,"2026-01-26 11:18:09.104394"
118,"2026-01-26 11:17:48.971346",37.557407,2호선,126.956079,242,아현역,"2026-01-26 11:18:09.104394"
119,"2026-01-26 11:17:48.976814",37.559742,2호선,126.964455,243,충정로역,"2026-01-26 11:18:09.104394"
120,"2026-01-26 11:17:48.982407",37.676035,3호선,126.747802,309,대화역,"2026-01-26 11:18:09.104394"
121,"2026-01-26 11:17:48.986716",37.670169,3호선,126.76116,310,주엽역,"2026-01-26 11:18:09.104394"
122,"2026-01-26 11:17:48.991233",37.659519,3호선,126.773319,311,정발산역,"2026-01-26 11:18:09.104394"
123,"2026-01-26 11:17:48.995544",37.651983,3호선,126.777722,312,마두역,"2026-01-26 11:18:09.104394"
124,"2026-01-26 11:17:48.999348",37.643064,3호선,126.787958,313,백석역,"2026-01-26 11:18:09.104394"
125,"2026-01-26 11:17:49.004157",37.631665,3호선,126.810961,314,대곡역,"2026-01-26 11:18:09.104394"
126,"2026-01-26 11:17:49.017497",37.634661,3호선,126.832557,315,화정역,"2026-01-26 11:18:09.104394"
127,"2026-01-26 11:17:49.031911",37.653203,3호선,126.842912,316,원당역,"2026-01-26 11:18:09.104394"
128,"2026-01-26 11:17:49.040384",37.650695,3호선,126.873002,317,원흥역,"2026-01-26 11:18:09.104394"
129,"2026-01-26 11:17:49.047331",37.653232,3호선,126.895195,318,삼송역,"2026-01-26 11:18:09.104930"
130,"2026-01-26 11:17:49.051771",37.648281,3호선,126.912551,319,지축역,"2026-01-26 11:18:09.104930"
131,"2026-01-26 11:17:49.055583",37.636612,3호선,126.918827,320,구파발역,"2026-01-26 11:18:09.104930"
132,"2026-01-26 11:17:49.059394",37.618855,3호선,126.920859,321,연신내역,"2026-01-26 11:18:09.104930"
133,"2026-01-26 11:17:49.062614",37.610554,3호선,126.929843,322,불광역,"2026-01-26 11:18:09.104930"
134,"2026-01-26 11:17:49.066590",37.600882,3호선,126.935758,323,녹번역,"2026-01-26 11:18:09.104930"
135,"2026-01-26 11:17:49.070111",37.588851,3호선,126.944092,324,홍제역,"2026-01-26 11:18:09.104930"
136,"2026-01-26 11:17:49.073733",37.582658,3호선,126.950131,325,무악재역,"2026-01-26 11:18:09.104930"
137,"2026-01-26 11:17:49.077718",37.574534,3호선,126.957902,326,독립문역,"2026-01-26 11:18:09.104930"
138,"2026-01-26 11:17:49.081551",37.575844,3호선,126.973576,327,경복궁역,"2026-01-26 11:18:09.104930"
139,"2026-01-26 11:17:49.085275",37.576562,3호선,126.98547,328,안국역,"2026-01-26 11:18:09.104930"
140,"2026-01-26 11:17:49.088577",37.571537,3호선,126.991237,329,종로3가역,"2026-01-26 11:18:09.104930"
141,"2026-01-26 11:17:49.092211",37.566299,3호선,126.992616,330,을지로3가역,"2026-01-26 11:18:09.104930"
142,"2026-01-26 11:17:49.096680",37.561302,3호선,126.995473,331,충무로역,"2026-01-26 11:18:09.104930"
143,"2026-01-26 11:17:49.101006",37.55816,3호선,127.005273,332,동대입구역,"2026-01-26 11:18:09.104930"
144,"2026-01-26 11:17:49.105306",37.554674,3호선,127.010628,333,약수역,"2026-01-26 11:18:09.104930"
145,"2026-01-26 11:17:49.109632",37.548269,3호선,127.015785,334,금호역,"2026-01-26 11:18:09.104930"
146,"2026-01-26 11:17:49.114742",37.541653,3호선,127.017303,335,옥수역,"2026-01-26 11:18:09.104930"
147,"2026-01-26 11:17:49.119902",37.526169,3호선,127.028502,336,압구정역,"2026-01-26 11:18:09.104930"
148,"2026-01-26 11:17:49.124354",37.516438,3호선,127.020247,337,신사역,"2026-01-26 11:18:09.104930"
149,"2026-01-26 11:17:49.129298",37.512989,3호선,127.011613,338,잠원역,"2026-01-26 11:18:09.104930"
150,"2026-01-26 11:17:49.134734",37.504953,3호선,127.004916,339,고속터미널역,"2026-01-26 11:18:09.104930"
151,"2026-01-26 11:17:49.139652",37.49306,3호선,127.013796,340,교대역,"2026-01-26 11:18:09.104930"
152,"2026-01-26 11:17:49.145125",37.48494,3호선,127.016289,341,남부터미널역,"2026-01-26 11:18:09.104930"
153,"2026-01-26 11:17:49.149488",37.48466,3호선,127.03513,342,양재역,"2026-01-26 11:18:09.104930"
154,"2026-01-26 11:17:49.154141",37.487114,3호선,127.046907,343,매봉역,"2026-01-26 11:18:09.104930"
155,"2026-01-26 11:17:49.158511",37.491129,3호선,127.055694,344,도곡역,"2026-01-26 11:18:09.104930"
156,"2026-01-26 11:17:49.163371",37.494601,3호선,127.063449,345,대치역,"2026-01-26 11:18:09.104930"
157,"2026-01-26 11:17:49.167520",37.496757,3호선,127.070541,346,학여울역,"2026-01-26 11:18:09.104930"
158,"2026-01-26 11:17:49.171288",37.493607,3호선,127.079526,347,대청역,"2026-01-26 11:18:09.104930"
159,"2026-01-26 11:17:49.176197",37.48389,3호선,127.08416,348,일원역,"2026-01-26 11:18:09.104930"
160,"2026-01-26 11:17:49.179984",37.487507,3호선,127.101324,349,수서역,"2026-01-26 11:18:09.104930"
161,"2026-01-26 11:17:49.183957",37.492368,3호선,127.118101,350,가락시장역,"2026-01-26 11:18:09.104930"
162,"2026-01-26 11:17:49.188500",37.495754,3호선,127.124198,351,경찰병원역,"2026-01-26 11:18:09.104930"
163,"2026-01-26 11:17:49.191704",37.502288,3호선,127.128344,352,오금역,"2026-01-26 11:18:09.104930"
164,"2026-01-26 11:17:49.196236",37.719907,4호선,127.203182,405,진접역,"2026-01-26 11:18:09.104930"
165,"2026-01-26 11:17:49.199515",37.705238,4호선,127.191084,406,오남역,"2026-01-26 11:18:09.104930"
166,"2026-01-26 11:17:49.203472",37.667844,4호선,127.116151,408,별내별가람역,"2026-01-26 11:18:09.104930"
167,"2026-01-26 11:17:49.207330",37.670535,4호선,127.079246,409,불암산역,"2026-01-26 11:18:09.104930"
168,"2026-01-26 11:17:49.210917",37.660576,4호선,127.073199,410,상계역,"2026-01-26 11:18:09.104930"
169,"2026-01-26 11:17:49.214761",37.656274,4호선,127.063183,411,노원역,"2026-01-26 11:18:09.104930"
170,"2026-01-26 11:17:49.217388",37.652993,4호선,127.046746,412,창동역,"2026-01-26 11:18:09.104930"
171,"2026-01-26 11:17:49.220638",37.648274,4호선,127.034381,413,쌍문역,"2026-01-26 11:18:09.104930"
172,"2026-01-26 11:17:49.223845",37.637127,4호선,127.024731,414,수유역,"2026-01-26 11:18:09.104930"
173,"2026-01-26 11:17:49.227011",37.626435,4호선,127.026151,415,미아역,"2026-01-26 11:18:09.104930"
174,"2026-01-26 11:17:49.229554",37.613276,4호선,127.030083,416,미아사거리역,"2026-01-26 11:18:09.104930"
175,"2026-01-26 11:17:49.232274",37.604087,4호선,127.025353,417,길음역,"2026-01-26 11:18:09.104930"
176,"2026-01-26 11:17:49.235018",37.592782,4호선,127.017338,418,성신여대입구역,"2026-01-26 11:18:09.104930"
177,"2026-01-26 11:17:49.237667",37.58838,4호선,127.006751,419,한성대입구역,"2026-01-26 11:18:09.104930"
178,"2026-01-26 11:17:49.240366",37.582116,4호선,127.001759,420,혜화역,"2026-01-26 11:18:09.104930"
179,"2026-01-26 11:17:49.243033",37.5708397,4호선,127.009403,421,동대문역,"2026-01-26 11:18:09.104930"
180,"2026-01-26 11:17:49.245170",37.565083,4호선,127.007645,422,동대문역사문화공원역,"2026-01-26 11:18:09.104930"
181,"2026-01-26 11:17:49.247878",37.561302,4호선,126.995473,423,충무로역,"2026-01-26 11:18:09.104930"
182,"2026-01-26 11:17:49.250701",37.561055,4호선,126.988271,424,명동역,"2026-01-26 11:18:09.104930"
183,"2026-01-26 11:17:49.253367",37.559698,4호선,126.979565,425,회현역,"2026-01-26 11:18:09.104930"
184,"2026-01-26 11:17:49.256112",37.553172,4호선,126.972836,426,서울역,"2026-01-26 11:18:09.104930"
185,"2026-01-26 11:17:49.258767",37.545124,4호선,126.971952,427,숙대입구역,"2026-01-26 11:18:09.104930"
186,"2026-01-26 11:17:49.260925",37.535057,4호선,126.973354,428,삼각지역,"2026-01-26 11:18:09.104930"
187,"2026-01-26 11:17:49.263601",37.52919,4호선,126.96858,429,신용산역,"2026-01-26 11:18:09.104930"
188,"2026-01-26 11:17:49.265941",37.522525,4호선,126.97335,430,이촌역,"2026-01-26 11:18:09.104930"
189,"2026-01-26 11:17:49.268577",37.503567,4호선,126.980171,431,동작역,"2026-01-26 11:18:09.104930"
190,"2026-01-26 11:17:49.271172",37.486867,4호선,126.982194,432,이수역,"2026-01-26 11:18:09.104930"
191,"2026-01-26 11:17:49.276079",37.476563,4호선,126.981746,433,사당역,"2026-01-26 11:18:09.104930"
192,"2026-01-26 11:17:49.280343",37.464339,4호선,126.989081,434,남태령역,"2026-01-26 11:18:09.104930"
193,"2026-01-26 11:17:49.284836",37.451702,4호선,127.002247,435,선바위역,"2026-01-26 11:18:09.104930"
194,"2026-01-26 11:17:49.289114",37.443934,4호선,127.007837,436,경마공원역,"2026-01-26 11:18:09.104930"
195,"2026-01-26 11:17:49.292862",37.435799,4호선,127.006554,437,대공원역,"2026-01-26 11:18:09.104930"
196,"2026-01-26 11:17:49.296308",37.432818,4호선,126.996571,438,과천역,"2026-01-26 11:18:09.104930"
197,"2026-01-26 11:17:49.299962",37.426558,4호선,126.989893,439,정부과천청사역,"2026-01-26 11:18:09.104930"
198,"2026-01-26 11:17:49.304388",37.401814,4호선,126.976608,440,인덕원역,"2026-01-26 11:18:09.104930"
199,"2026-01-26 11:17:49.309181",37.394269,4호선,126.963791,441,평촌역,"2026-01-26 11:18:09.104930"
200,"2026-01-26 11:17:49.315293",37.38979,4호선,126.950704,442,범계역,"2026-01-26 11:18:09.104930"
201,"2026-01-26 11:17:49.458645",37.37235,4호선,126.94351,443,금정역,"2026-01-26 11:18:09.104930"
202,"2026-01-26 11:17:49.462825",37.358071,4호선,126.933008,444,산본역,"2026-01-26 11:18:09.104930"
203,"2026-01-26 11:17:49.465450",37.350423,4호선,126.925604,445,수리산역,"2026-01-26 11:18:09.104930"
204,"2026-01-26 11:17:49.468583",37.328037,4호선,126.916885,446,대야미역,"2026-01-26 11:18:09.104930"
205,"2026-01-26 11:17:49.471177",37.312124,4호선,126.903513,447,반월역,"2026-01-26 11:18:09.104930"
206,"2026-01-26 11:17:49.473831",37.302826,4호선,126.866289,448,상록수역,"2026-01-26 11:18:09.104930"
207,"2026-01-26 11:17:49.476435",37.309775,4호선,126.853576,449,한대앞역,"2026-01-26 11:18:09.104930"
208,"2026-01-26 11:17:49.478670",37.315978,4호선,126.838477,450,중앙역,"2026-01-26 11:18:09.104930"
209,"2026-01-26 11:17:49.481398",37.316795,4호선,126.822914,451,고잔역,"2026-01-26 11:18:09.104930"
210,"2026-01-26 11:17:49.484571",37.320646,4호선,126.805981,452,초지역,"2026-01-26 11:18:09.104930"
211,"2026-01-26 11:17:49.486638",37.327063,4호선,126.788668,453,안산역,"2026-01-26 11:18:09.104930"
212,"2026-01-26 11:17:49.489302",37.337412,4호선,126.767387,454,신길온천역,"2026-01-26 11:18:09.104930"
213,"2026-01-26 11:17:49.491424",37.351843,4호선,126.742728,455,정왕역,"2026-01-26 11:18:09.104930"
214,"2026-01-26 11:17:49.494664",37.362106,4호선,126.738551,456,오이도역,"2026-01-26 11:18:09.104930"
215,"2026-01-26 11:17:49.497270",37.577669,5호선,126.812822,510,방화역,"2026-01-26 11:18:09.104930"
216,"2026-01-26 11:17:49.501623",37.572458,5호선,126.806838,511,개화산역,"2026-01-26 11:18:09.104930"
217,"2026-01-26 11:17:49.504772",37.56217,5호선,126.801273,512,김포공항역,"2026-01-26 11:18:09.104930"
218,"2026-01-26 11:17:49.508010",37.561411,5호선,126.812052,513,송정역,"2026-01-26 11:18:09.104930"
219,"2026-01-26 11:17:49.511981",37.562182,5호선,126.82693,514,마곡역,"2026-01-26 11:18:09.104930"
220,"2026-01-26 11:17:49.515437",37.562182,5호선,126.82693,515,발산역,"2026-01-26 11:18:09.104930"
221,"2026-01-26 11:17:49.519597",37.548864,5호선,126.83633,516,우장산역,"2026-01-26 11:18:09.104930"
222,"2026-01-26 11:17:49.523258",37.541585,5호선,126.840436,517,화곡역,"2026-01-26 11:18:09.104930"
223,"2026-01-26 11:17:49.527147",37.53181,5호선,126.846706,518,까치산역,"2026-01-26 11:18:09.104930"
224,"2026-01-26 11:17:49.530815",37.525001,5호선,126.856176,519,신정역,"2026-01-26 11:18:09.104930"
225,"2026-01-26 11:17:49.537648",37.526088,5호선,126.864296,520,목동역,"2026-01-26 11:18:09.104930"
226,"2026-01-26 11:17:49.540962",37.524557,5호선,126.875049,521,오목교역,"2026-01-26 11:18:09.104930"
227,"2026-01-26 11:17:49.545329",37.525614,5호선,126.886177,522,양평역,"2026-01-26 11:18:09.104930"
228,"2026-01-26 11:17:49.549089",37.524209,5호선,126.895022,523,영등포구청역,"2026-01-26 11:18:09.104930"
229,"2026-01-26 11:17:49.552740",37.52276,5호선,126.905143,524,영등포시장역,"2026-01-26 11:18:09.104930"
230,"2026-01-26 11:17:49.556307",37.51763,5호선,126.914886,525,신길역,"2026-01-26 11:18:09.104930"
231,"2026-01-26 11:17:49.560047",37.521578,5호선,126.924318,526,여의도역,"2026-01-26 11:18:09.104930"
232,"2026-01-26 11:17:49.564244",37.527145,5호선,126.932807,527,여의나루역,"2026-01-26 11:18:09.104930"
233,"2026-01-26 11:17:49.568050",37.539718,5호선,126.946043,528,마포역,"2026-01-26 11:18:09.104930"
234,"2026-01-26 11:17:49.572265",37.544005,5호선,126.951058,529,공덕역,"2026-01-26 11:18:09.104930"
235,"2026-01-26 11:17:49.577190",37.553592,5호선,126.956733,530,애오개역,"2026-01-26 11:18:09.104930"
236,"2026-01-26 11:17:49.580857",37.560061,5호선,126.962783,531,충정로역,"2026-01-26 11:18:09.104930"
237,"2026-01-26 11:17:49.585128",37.565812,5호선,126.966639,532,서대문역,"2026-01-26 11:18:09.104930"
238,"2026-01-26 11:17:49.588882",37.570545,5호선,126.976568,533,광화문역,"2026-01-26 11:18:09.104930"
239,"2026-01-26 11:17:49.593050",37.572546,5호선,126.990447,534,종로3가역,"2026-01-26 11:18:09.104930"
240,"2026-01-26 11:17:49.596164",37.56658,5호선,126.998127,535,을지로4가역,"2026-01-26 11:18:09.104930"
241,"2026-01-26 11:17:49.599817",37.564682,5호선,127.00533,536,동대문역사문화공원역,"2026-01-26 11:18:09.104930"
242,"2026-01-26 11:17:49.604077",37.560237,5호선,127.01379,537,청구역,"2026-01-26 11:18:09.104930"
243,"2026-01-26 11:17:49.607972",37.554504,5호선,127.020403,538,신금호역,"2026-01-26 11:18:09.104930"
244,"2026-01-26 11:17:49.611809",37.557297,5호선,127.029482,539,행당역,"2026-01-26 11:18:09.104930"
245,"2026-01-26 11:17:49.615045",37.56197,5호선,127.037264,540,왕십리역,"2026-01-26 11:18:09.104930"
246,"2026-01-26 11:17:49.619288",37.566066,5호선,127.042921,541,마장역,"2026-01-26 11:18:09.104930"
247,"2026-01-26 11:17:49.622391",37.566833,5호선,127.05266,542,답십리역,"2026-01-26 11:18:09.104930"
248,"2026-01-26 11:17:49.625547",37.561438,5호선,127.064601,543,장한평역,"2026-01-26 11:18:09.104930"
249,"2026-01-26 11:17:49.628712",37.557102,5호선,127.079559,544,군자역,"2026-01-26 11:18:09.104930"
250,"2026-01-26 11:17:49.631846",37.552005,5호선,127.089609,545,아차산역,"2026-01-26 11:18:09.104930"
251,"2026-01-26 11:17:49.636147",37.545301,5호선,127.103478,546,광나루역,"2026-01-26 11:18:09.104930"
252,"2026-01-26 11:17:49.640522",37.538566,5호선,127.123539,547,천호역,"2026-01-26 11:18:09.104930"
253,"2026-01-26 11:17:49.643734",37.53581,5호선,127.13249,548,강동역,"2026-01-26 11:18:09.104930"
254,"2026-01-26 11:17:49.647655",37.538022,5호선,127.140085,549,길동역,"2026-01-26 11:18:09.104930"
255,"2026-01-26 11:17:49.651864",37.545442,5호선,127.142844,550,굽은다리역,"2026-01-26 11:18:09.104930"
256,"2026-01-26 11:17:49.656597",37.551317,5호선,127.144002,551,명일역,"2026-01-26 11:18:09.104930"
257,"2026-01-26 11:17:49.660784",37.555002,5호선,127.154214,552,고덕역,"2026-01-26 11:18:09.104930"
258,"2026-01-26 11:17:49.664414",37.556714,5호선,127.166381,553,상일동역,"2026-01-26 11:18:09.104930"
259,"2026-01-26 11:17:49.666920",37.557521,5호선,127.176018,554,강일역,"2026-01-26 11:18:09.104930"
260,"2026-01-26 11:17:49.669855",37.56329,5호선,127.192954,555,미사역,"2026-01-26 11:18:09.104930"
261,"2026-01-26 11:17:49.672979",37.552201,5호선,127.203897,556,하남풍산역,"2026-01-26 11:18:09.104930"
262,"2026-01-26 11:17:49.675617",37.541723,5호선,127.206901,557,하남시청역,"2026-01-26 11:18:09.104930"
263,"2026-01-26 11:17:49.678292",37.539729,5호선,127.223427,558,하남검단산역,"2026-01-26 11:18:09.104930"
264,"2026-01-26 11:17:49.680468",37.59859,6호선,126.915583,610,응암역,"2026-01-26 11:18:09.104930"
265,"2026-01-26 11:17:49.683086",37.60605,6호선,126.922764,611,역촌역,"2026-01-26 11:18:09.104930"
266,"2026-01-26 11:17:49.686364",37.610919,6호선,126.929504,612,불광역,"2026-01-26 11:18:09.104930"
267,"2026-01-26 11:17:49.689210",37.618413,6호선,126.933035,613,독바위역,"2026-01-26 11:18:09.104930"
268,"2026-01-26 11:17:49.691885",37.618596,6호선,126.920519,614,연신내역,"2026-01-26 11:18:09.104930"
269,"2026-01-26 11:17:49.694498",37.611223,6호선,126.917246,615,구산역,"2026-01-26 11:18:09.104930"
270,"2026-01-26 11:17:49.696797",37.591148,6호선,126.913613,616,새절역,"2026-01-26 11:18:09.105469"
271,"2026-01-26 11:17:49.699458",37.583989,6호선,126.909785,617,증산역,"2026-01-26 11:18:09.105469"
272,"2026-01-26 11:17:49.702109",37.577005,6호선,126.898643,618,디지털미디어시티역,"2026-01-26 11:18:09.105469"
273,"2026-01-26 11:17:49.704691",37.569439,6호선,126.899077,619,월드컵경기장역,"2026-01-26 11:18:09.105469"
274,"2026-01-26 11:17:49.707883",37.563535,6호선,126.903326,620,마포구청역,"2026-01-26 11:18:09.105469"
275,"2026-01-26 11:17:49.712248",37.556031,6호선,126.910129,621,망원역,"2026-01-26 11:18:09.105469"
276,"2026-01-26 11:17:49.715408",37.549033,6호선,126.913546,622,합정역,"2026-01-26 11:18:09.105469"
277,"2026-01-26 11:17:49.719139",37.547704,6호선,126.92292,623,상수역,"2026-01-26 11:18:09.105469"
278,"2026-01-26 11:17:49.722892",37.547464,6호선,126.931971,624,광흥창역,"2026-01-26 11:18:09.105469"
279,"2026-01-26 11:17:49.727625",37.547732,6호선,126.942214,625,대흥역,"2026-01-26 11:18:09.105469"
280,"2026-01-26 11:17:49.731015",37.543592,6호선,126.951664,626,공덕역,"2026-01-26 11:18:09.105469"
281,"2026-01-26 11:17:49.734717",37.539279,6호선,126.961348,627,효창공원앞역,"2026-01-26 11:18:09.105469"
282,"2026-01-26 11:17:49.737928",37.535563,6호선,126.973996,628,삼각지역,"2026-01-26 11:18:09.105469"
283,"2026-01-26 11:17:49.741109",37.53469,6호선,126.98665,629,녹사평역,"2026-01-26 11:18:09.105469"
284,"2026-01-26 11:17:49.744862",37.534485,6호선,126.994369,630,이태원역,"2026-01-26 11:18:09.105469"
285,"2026-01-26 11:17:49.748602",37.53956,6호선,127.001729,631,한강진역,"2026-01-26 11:18:09.105469"
286,"2026-01-26 11:17:49.751986",37.547933,6호선,127.006948,632,버티고개역,"2026-01-26 11:18:09.105469"
287,"2026-01-26 11:17:49.755656",37.554087,6호선,127.010237,633,약수역,"2026-01-26 11:18:09.105469"
288,"2026-01-26 11:17:49.759034",37.560221,6호선,127.013776,634,청구역,"2026-01-26 11:18:09.105469"
289,"2026-01-26 11:17:49.762811",37.566174,6호선,127.016158,635,신당역,"2026-01-26 11:18:09.105469"
290,"2026-01-26 11:17:49.766513",37.572275,6호선,127.015666,636,동묘앞역,"2026-01-26 11:18:09.105469"
291,"2026-01-26 11:17:49.770266",37.579772,6호선,127.015246,637,창신역,"2026-01-26 11:18:09.105469"
292,"2026-01-26 11:17:49.773582",37.585293,6호선,127.019377,638,보문역,"2026-01-26 11:18:09.105469"
293,"2026-01-26 11:17:49.777392",37.586261,6호선,127.02903,639,안암역,"2026-01-26 11:18:09.105469"
294,"2026-01-26 11:17:49.781786",37.59034,6호선,127.03626,640,고려대역,"2026-01-26 11:18:09.105469"
295,"2026-01-26 11:17:49.785502",37.60192,6호선,127.041492,641,월곡역,"2026-01-26 11:18:09.105469"
296,"2026-01-26 11:17:49.788987",37.606392,6호선,127.048509,642,상월곡역,"2026-01-26 11:18:09.105469"
297,"2026-01-26 11:17:49.792963",37.610522,6호선,127.056419,643,돌곶이역,"2026-01-26 11:18:09.105469"
298,"2026-01-26 11:17:49.796101",37.614937,6호선,127.065922,644,석계역,"2026-01-26 11:18:09.105469"
299,"2026-01-26 11:17:49.799783",37.617319,6호선,127.074741,645,태릉입구역,"2026-01-26 11:18:09.105469"
300,"2026-01-26 11:17:49.804795",37.619875,6호선,127.084106,646,화랑대역,"2026-01-26 11:18:09.105469"
301,"2026-01-26 11:17:49.960078",37.617293,6호선,127.091375,647,봉화산역,"2026-01-26 11:18:09.105469"
302,"2026-01-26 11:17:49.963785",37.612571,6호선,127.104326,648,신내역,"2026-01-26 11:18:09.105469"
303,"2026-01-26 11:17:49.968024",37.70015,7호선,127.053126,709,장암역,"2026-01-26 11:18:09.105469"
304,"2026-01-26 11:17:49.971153",37.689131,7호선,127.046548,710,도봉산역,"2026-01-26 11:18:09.105469"
305,"2026-01-26 11:17:49.974499",37.677804,7호선,127.055314,711,수락산역,"2026-01-26 11:18:09.105469"
306,"2026-01-26 11:17:49.978358",37.664985,7호선,127.057701,712,마들역,"2026-01-26 11:18:09.105469"
307,"2026-01-26 11:17:49.982179",37.654478,7호선,127.060555,713,노원역,"2026-01-26 11:18:09.105469"
308,"2026-01-26 11:17:49.985160",37.645052,7호선,127.064084,714,중계역,"2026-01-26 11:18:09.105469"
309,"2026-01-26 11:17:49.988302",37.636363,7호선,127.067999,715,하계역,"2026-01-26 11:18:09.105469"
310,"2026-01-26 11:17:49.992092",37.625642,7호선,127.072969,716,공릉역,"2026-01-26 11:18:09.105469"
311,"2026-01-26 11:17:49.995858",37.617319,7호선,127.074741,717,태릉입구역,"2026-01-26 11:18:09.105469"
312,"2026-01-26 11:17:49.998766",37.610638,7호선,127.077719,718,먹골역,"2026-01-26 11:18:09.105469"
313,"2026-01-26 11:17:50.002570",37.602604,7호선,127.079254,719,중화역,"2026-01-26 11:18:09.105469"
314,"2026-01-26 11:17:50.006524",37.595673,7호선,127.085708,720,상봉역,"2026-01-26 11:18:09.105469"
315,"2026-01-26 11:17:50.010343",37.588671,7호선,127.087503,721,면목역,"2026-01-26 11:18:09.105469"
316,"2026-01-26 11:17:50.013999",37.580912,7호선,127.088502,722,사가정역,"2026-01-26 11:18:09.105469"
317,"2026-01-26 11:17:50.017143",37.573752,7호선,127.086802,723,용마산역,"2026-01-26 11:18:09.105469"
318,"2026-01-26 11:17:50.019705",37.565877,7호선,127.084291,724,중곡역,"2026-01-26 11:18:09.105469"
319,"2026-01-26 11:17:50.022383",37.557151,7호선,127.079484,725,군자역,"2026-01-26 11:18:09.105469"
320,"2026-01-26 11:17:50.025005",37.547962,7호선,127.07465,726,어린이대공원역,"2026-01-26 11:18:09.105469"
321,"2026-01-26 11:17:50.027697",37.540882,7호선,127.071103,727,건대입구역,"2026-01-26 11:18:09.105469"
322,"2026-01-26 11:17:50.030454",37.531728,7호선,127.066734,728,자양역,"2026-01-26 11:18:09.105469"
323,"2026-01-26 11:17:50.033083",37.519097,7호선,127.051851,729,청담역,"2026-01-26 11:18:09.105469"
324,"2026-01-26 11:17:50.035213",37.517185,7호선,127.04122,730,강남구청역,"2026-01-26 11:18:09.105469"
325,"2026-01-26 11:17:50.037728",37.514262,7호선,127.031738,731,학동역,"2026-01-26 11:18:09.105469"
326,"2026-01-26 11:17:50.039811",37.511108,7호선,127.021385,732,논현역,"2026-01-26 11:18:09.105469"
327,"2026-01-26 11:17:50.042419",37.508171,7호선,127.011717,733,반포역,"2026-01-26 11:18:09.105469"
328,"2026-01-26 11:17:50.044536",37.503387,7호선,127.005055,734,고속터미널역,"2026-01-26 11:18:09.105469"
329,"2026-01-26 11:17:50.046690",37.48764,7호선,126.993541,735,내방역,"2026-01-26 11:18:09.105469"
330,"2026-01-26 11:17:50.049347",37.485222,7호선,126.981627,736,이수역,"2026-01-26 11:18:09.105469"
331,"2026-01-26 11:17:50.051534",37.484688,7호선,126.971108,737,남성역,"2026-01-26 11:18:09.105469"
332,"2026-01-26 11:17:50.054268",37.496258,7호선,126.953649,738,숭실대입구역,"2026-01-26 11:18:09.105469"
333,"2026-01-26 11:17:50.056383",37.50279,7호선,126.947949,739,상도역,"2026-01-26 11:18:09.105469"
334,"2026-01-26 11:17:50.058499",37.504845,7호선,126.939025,740,장승배기역,"2026-01-26 11:18:09.105469"
335,"2026-01-26 11:17:50.060613",37.499717,7호선,126.928218,741,신대방삼거리역,"2026-01-26 11:18:09.105469"
336,"2026-01-26 11:17:50.063224",37.499916,7호선,126.920112,742,보라매역,"2026-01-26 11:18:09.105469"
337,"2026-01-26 11:17:50.067487",37.500107,7호선,126.909806,743,신풍역,"2026-01-26 11:18:09.105469"
338,"2026-01-26 11:17:50.071096",37.492984,7호선,126.896997,744,대림역,"2026-01-26 11:18:09.105469"
339,"2026-01-26 11:17:50.073146",37.486181,7호선,126.887372,745,남구로역,"2026-01-26 11:18:09.105469"
340,"2026-01-26 11:17:50.076204",37.480376,7호선,126.882704,746,가산디지털단지역,"2026-01-26 11:18:09.105469"
341,"2026-01-26 11:17:50.078579",37.47616,7호선,126.868217,747,철산역,"2026-01-26 11:18:09.105469"
342,"2026-01-26 11:17:50.081175",37.47927,7호선,126.854854,748,광명사거리역,"2026-01-26 11:18:09.105469"
343,"2026-01-26 11:17:50.084410",37.486699,7호선,126.838684,749,천왕역,"2026-01-26 11:18:09.105469"
344,"2026-01-26 11:17:50.087022",37.492059,7호선,126.823294,750,온수역,"2026-01-26 11:18:09.105469"
345,"2026-01-26 11:17:50.089651",37.506199,7호선,126.811252,751,까치울역,"2026-01-26 11:18:09.105469"
346,"2026-01-26 11:17:50.092289",37.505511,7호선,126.797356,752,부천종합운동장역,"2026-01-26 11:18:09.105469"
347,"2026-01-26 11:17:50.094377",37.50368,7호선,126.786952,753,춘의역,"2026-01-26 11:18:09.105469"
348,"2026-01-26 11:17:50.097273",37.503054,7호선,126.776105,754,신중동역,"2026-01-26 11:18:09.105469"
349,"2026-01-26 11:17:50.099835",37.5046,7호선,126.764031,755,부천시청역,"2026-01-26 11:18:09.105469"
350,"2026-01-26 11:17:50.102540",37.505789,7호선,126.753048,756,상동역,"2026-01-26 11:18:09.105469"
351,"2026-01-26 11:17:50.105179",37.506457,7호선,126.742173,757,삼산체육관역,"2026-01-26 11:18:09.105469"
352,"2026-01-26 11:17:50.107264",37.506966,7호선,126.731266,758,굴포천역,"2026-01-26 11:18:09.105469"
353,"2026-01-26 11:17:50.109901",37.507439,7호선,126.720993,759,부평구청역,"2026-01-26 11:18:09.105469"
354,"2026-01-26 11:17:50.111993",37.508622,7호선,126.703516,760,산곡역,"2026-01-26 11:18:09.105469"
355,"2026-01-26 11:17:50.114746",37.506224,7호선,126.676105,761,석남역,"2026-01-26 11:18:09.105469"
356,"2026-01-26 11:17:50.117427",37.642118,8호선,127.127077,804,별내역,"2026-01-26 11:18:09.105469"
357,"2026-01-26 11:17:50.119530",37.62421,8호선,127.149741,805,다산역,"2026-01-26 11:18:09.105469"
358,"2026-01-26 11:17:50.122164",37.611119,8호선,127.137988,806,동구릉역,"2026-01-26 11:18:09.105469"
359,"2026-01-26 11:17:50.124792",37.602718,8호선,127.140614,807,구리역,"2026-01-26 11:18:09.105469"
360,"2026-01-26 11:17:50.127491",37.587183,8호선,127.137897,808,장자호수공원역,"2026-01-26 11:18:09.105469"
361,"2026-01-26 11:17:50.130215",37.557319,8호선,127.138212,809,암사역사공원역,"2026-01-26 11:18:09.105469"
362,"2026-01-26 11:17:50.132855",37.550127,8호선,127.127521,810,암사역,"2026-01-26 11:18:09.105469"
363,"2026-01-26 11:17:50.135760",37.53792,8호선,127.123179,811,천호역,"2026-01-26 11:18:09.105469"
364,"2026-01-26 11:17:50.137905",37.530348,8호선,127.120461,812,강동구청역,"2026-01-26 11:18:09.105469"
365,"2026-01-26 11:17:50.140504",37.517692,8호선,127.11274,813,몽촌토성역,"2026-01-26 11:18:09.105469"
366,"2026-01-26 11:17:50.143390",37.514649,8호선,127.104267,814,잠실역,"2026-01-26 11:18:09.105469"
367,"2026-01-26 11:17:50.147207",37.505396,8호선,127.106995,815,석촌역,"2026-01-26 11:18:09.105469"
368,"2026-01-26 11:17:50.150424",37.49978,8호선,127.11212,816,송파역,"2026-01-26 11:18:09.105469"
369,"2026-01-26 11:17:50.153585",37.493004,8호선,127.118279,817,가락시장역,"2026-01-26 11:18:09.105469"
370,"2026-01-26 11:17:50.156180",37.485931,8호선,127.122473,818,문정역,"2026-01-26 11:18:09.105469"
371,"2026-01-26 11:17:50.159054",37.478609,8호선,127.126229,819,장지역,"2026-01-26 11:18:09.105469"
372,"2026-01-26 11:17:50.162693",37.471016,8호선,127.126746,820,복정역,"2026-01-26 11:18:09.105469"
373,"2026-01-26 11:17:50.165373",37.462839,8호선,127.139047,821,남위례역,"2026-01-26 11:18:09.105469"
374,"2026-01-26 11:17:50.168550",37.456886,8호선,127.149927,822,산성역,"2026-01-26 11:18:09.105469"
375,"2026-01-26 11:17:50.171709",37.451568,8호선,127.159845,823,남한산성입구역,"2026-01-26 11:18:09.105469"
376,"2026-01-26 11:17:50.175368",37.445057,8호선,127.156735,824,단대오거리역,"2026-01-26 11:18:09.105469"
377,"2026-01-26 11:17:50.179671",37.440952,8호선,127.14759,825,신흥역,"2026-01-26 11:18:09.105469"
378,"2026-01-26 11:17:50.185366",37.437575,8호선,127.140936,826,수진역,"2026-01-26 11:18:09.105469"
379,"2026-01-26 11:17:50.191478",37.433888,8호선,127.129921,827,모란역,"2026-01-26 11:18:09.105469"
380,"2026-01-26 11:17:50.201438",37.578479,9호선,126.797279,901,개화역,"2026-01-26 11:18:09.105469"
381,"2026-01-26 11:17:50.208242",37.561984,9호선,126.801933,902,김포공항역,"2026-01-26 11:18:09.105469"
382,"2026-01-26 11:17:50.220253",37.563701,9호선,126.810561,903,공항시장역,"2026-01-26 11:18:09.105469"
383,"2026-01-26 11:17:50.227226",37.567553,9호선,126.817077,904,신방화역,"2026-01-26 11:18:09.105469"
384,"2026-01-26 11:17:50.232420",37.5667,9호선,126.827478,905,마곡나루역,"2026-01-26 11:18:09.105469"
385,"2026-01-26 11:17:50.240735",37.568307,9호선,126.841539,906,양천향교역,"2026-01-26 11:18:09.105469"
386,"2026-01-26 11:17:50.245962",37.561603,9호선,126.854074,907,가양역,"2026-01-26 11:18:09.105469"
387,"2026-01-26 11:17:50.250287",37.558081,9호선,126.860761,908,증미역,"2026-01-26 11:18:09.105469"
388,"2026-01-26 11:17:50.254619",37.550716,9호선,126.865619,909,등촌역,"2026-01-26 11:18:09.105469"
389,"2026-01-26 11:17:50.257847",37.546971,9호선,126.874662,910,염창역,"2026-01-26 11:18:09.105469"
390,"2026-01-26 11:17:50.261572",37.544243,9호선,126.883147,911,신목동역,"2026-01-26 11:18:09.105469"
391,"2026-01-26 11:17:50.265012",37.537827,9호선,126.893912,912,선유도역,"2026-01-26 11:18:09.105469"
392,"2026-01-26 11:17:50.268812",37.533966,9호선,126.901691,913,당산역,"2026-01-26 11:18:09.105469"
393,"2026-01-26 11:17:50.272125",37.528202,9호선,126.917718,914,국회의사당역,"2026-01-26 11:18:09.105469"
394,"2026-01-26 11:17:50.275855",37.521715,9호선,126.924126,915,여의도역,"2026-01-26 11:18:09.105469"
395,"2026-01-26 11:17:50.279088",37.517115,9호선,126.928583,916,샛강역,"2026-01-26 11:18:09.105469"
396,"2026-01-26 11:17:50.281816",37.513584,9호선,126.940603,917,노량진역,"2026-01-26 11:18:09.105469"
397,"2026-01-26 11:17:50.284505",37.512666,9호선,126.952856,918,노들역,"2026-01-26 11:18:09.105469"
398,"2026-01-26 11:17:50.287689",37.509134,9호선,126.96339,919,흑석역,"2026-01-26 11:18:09.105469"
399,"2026-01-26 11:17:50.290351",37.503026,9호선,126.977843,920,동작역,"2026-01-26 11:18:09.105469"
400,"2026-01-26 11:17:50.293473",37.501402,9호선,126.987337,921,구반포역,"2026-01-26 11:18:09.105469"
401,"2026-01-26 11:17:50.446639",37.503523,9호선,126.996225,922,신반포역,"2026-01-26 11:18:09.105469"
402,"2026-01-26 11:17:50.450099",37.505958,9호선,127.00418,923,고속터미널역,"2026-01-26 11:18:09.105469"
403,"2026-01-26 11:17:50.454585",37.50444,9호선,127.014839,924,사평역,"2026-01-26 11:18:09.105469"
404,"2026-01-26 11:17:50.460299",37.504444,9호선,127.024377,925,신논현역,"2026-01-26 11:18:09.105469"
405,"2026-01-26 11:17:50.464110",37.507324,9호선,127.033905,926,언주역,"2026-01-26 11:18:09.283014"
406,"2026-01-26 11:17:50.468482",37.510278,9호선,127.043902,927,선정릉역,"2026-01-26 11:18:09.283014"
407,"2026-01-26 11:17:50.472159",37.51306,9호선,127.053334,928,삼성중앙역,"2026-01-26 11:18:09.283014"
408,"2026-01-26 11:17:50.475368",37.514258,9호선,127.060257,929,봉은사역,"2026-01-26 11:18:09.283014"
409,"2026-01-26 11:17:50.478321",37.511433,9호선,127.076313,930,종합운동장역,"2026-01-26 11:18:09.283014"
410,"2026-01-26 11:17:50.481027",37.504356,9호선,127.08804,931,삼전역,"2026-01-26 11:18:09.283014"
411,"2026-01-26 11:17:50.483755",37.502453,9호선,127.096961,932,석촌고분역,"2026-01-26 11:18:09.283014"
412,"2026-01-26 11:17:50.486915",37.504929,9호선,127.106682,933,석촌역,"2026-01-26 11:18:09.283014"
413,"2026-01-26 11:17:50.489087",37.510303,9호선,127.112231,934,송파나루역,"2026-01-26 11:18:09.283014"
414,"2026-01-26 11:17:50.491739",37.516311,9호선,127.116168,935,한성백제역,"2026-01-26 11:18:09.283014"
415,"2026-01-26 11:17:50.494596",37.516132,9호선,127.130282,936,올림픽공원역,"2026-01-26 11:18:09.283014"
416,"2026-01-26 11:17:50.496144",37.519395,9호선,127.138706,937,둔촌오륜역,"2026-01-26 11:18:09.283014"
417,"2026-01-26 11:17:50.499401",37.528321,9호선,127.148376,938,중앙보훈병원역,"2026-01-26 11:18:09.283014"
418,"2026-01-26 11:17:50.501907",37.55315,공항철도,126.972533,A01,서울역,"2026-01-26 11:18:09.105469"
419,"2026-01-26 11:17:50.503908",37.542762,공항철도,126.951452,A02,공덕역,"2026-01-26 11:18:09.105469"
420,"2026-01-26 11:17:50.506413",37.557612,공항철도,126.926528,A03,홍대입구역,"2026-01-26 11:18:09.105469"
421,"2026-01-26 11:17:50.508425",37.577407,공항철도,126.898005,A04,디지털미디어시티역,"2026-01-26 11:18:09.105469"
422,"2026-01-26 11:17:50.511495",37.565755,공항철도,126.827512,A042,마곡나루역,"2026-01-26 11:18:09.105469"
423,"2026-01-26 11:17:50.513496",37.56217,공항철도,126.801273,A05,김포공항역,"2026-01-26 11:18:09.105469"
424,"2026-01-26 11:17:50.516496",37.571794,공항철도,126.736372,A06,계양역,"2026-01-26 11:18:09.105469"
425,"2026-01-26 11:17:50.519035",37.569161,공항철도,126.673753,A07,검암역,"2026-01-26 11:18:09.105469"
426,"2026-01-26 11:17:50.521686",37.556374,공항철도,126.624395,A071,청라국제도시역,"2026-01-26 11:18:09.105469"
427,"2026-01-26 11:17:50.524454",37.511887,공항철도,126.524653,A072,영종역,"2026-01-26 11:18:09.106012"
428,"2026-01-26 11:17:50.526639",37.492768,공항철도,126.493644,A08,운서역,"2026-01-26 11:18:09.106012"
429,"2026-01-26 11:17:50.528719",37.458981,공항철도,126.47729,A09,공항화물청사역,"2026-01-26 11:18:09.106012"
430,"2026-01-26 11:17:50.530971",37.447512,공항철도,126.452545,A10,인천공항1터미널역,"2026-01-26 11:18:09.106012"
431,"2026-01-26 11:17:50.533629",37.46853,공항철도,126.432963,A11,인천공항2터미널역,"2026-01-26 11:18:09.106012"
432,"2026-01-26 11:17:50.535742",37.515913,신분당선,127.019587,D04,신사역,"2026-01-26 11:18:09.106012"
433,"2026-01-26 11:17:50.537999",37.510784,신분당선,127.021457,D05,논현역,"2026-01-26 11:18:09.106012"
434,"2026-01-26 11:17:50.540667",37.50398,신분당선,127.024712,D06,신논현역,"2026-01-26 11:18:09.106012"
435,"2026-01-26 11:17:50.542799",37.496491,신분당선,127.028278,D07,강남역,"2026-01-26 11:18:09.106012"
436,"2026-01-26 11:17:50.545493",37.483714,신분당선,127.034844,D08,양재역,"2026-01-26 11:18:09.106012"
437,"2026-01-26 11:17:50.547628",37.469987,신분당선,127.038472,D09,양재시민의숲역,"2026-01-26 11:18:09.106012"
438,"2026-01-26 11:17:50.550231",37.448316,신분당선,127.054687,D10,청계산입구역,"2026-01-26 11:18:09.106012"
439,"2026-01-26 11:17:50.552870",37.394954,신분당선,127.111166,D11,판교역,"2026-01-26 11:18:09.106012"
440,"2026-01-26 11:17:50.555544",37.367221,신분당선,127.108374,D12,정자역,"2026-01-26 11:18:09.106012"
441,"2026-01-26 11:17:50.557636",37.350154,신분당선,127.108823,D13,미금역,"2026-01-26 11:18:09.106012"
442,"2026-01-26 11:17:50.559769",37.337975,신분당선,127.1028,D14,동천역,"2026-01-26 11:18:09.106012"
443,"2026-01-26 11:17:50.562495",37.322531,신분당선,127.094686,D15,수지구청역,"2026-01-26 11:18:09.106012"
444,"2026-01-26 11:17:50.564628",37.313507,신분당선,127.080354,D16,성복역,"2026-01-26 11:18:09.106012"
445,"2026-01-26 11:17:50.567274",37.297649,신분당선,127.069304,D17,상현역,"2026-01-26 11:18:09.106012"
446,"2026-01-26 11:17:50.569366",37.288485,신분당선,127.051638,D18,광교중앙역,"2026-01-26 11:18:09.106012"
447,"2026-01-26 11:17:50.571485",37.301907,신분당선,127.044623,D19,광교역,"2026-01-26 11:18:09.106012"
448,"2026-01-26 11:17:50.574090",37.580552,수인분당선,127.048092,K209,청량리역,"2026-01-26 11:18:09.106012"
449,"2026-01-26 11:17:50.576259",37.562183,수인분당선,127.038272,K210,왕십리역,"2026-01-26 11:18:09.106012"
450,"2026-01-26 11:17:50.578876",37.543412,수인분당선,127.04465,K211,서울숲역,"2026-01-26 11:18:09.106012"
451,"2026-01-26 11:17:50.580958",37.527326,수인분당선,127.04051,K212,압구정로데오역,"2026-01-26 11:18:09.106012"
452,"2026-01-26 11:17:50.581961",37.517041,수인분당선,127.04131,K213,강남구청역,"2026-01-26 11:18:09.106012"
453,"2026-01-26 11:17:50.585808",37.510623,수인분당선,127.043689,K214,선정릉역,"2026-01-26 11:18:09.106012"
454,"2026-01-26 11:17:50.587879",37.504667,수인분당선,127.048959,K215,선릉역,"2026-01-26 11:18:09.106012"
455,"2026-01-26 11:17:50.589879",37.496283,수인분당선,127.052839,K216,한티역,"2026-01-26 11:18:09.106012"
456,"2026-01-26 11:17:50.592391",37.491089,수인분당선,127.055277,K217,도곡역,"2026-01-26 11:18:09.106012"
457,"2026-01-26 11:17:50.594478",37.486956,수인분당선,127.059536,K218,구룡역,"2026-01-26 11:18:09.106012"
458,"2026-01-26 11:17:50.596478",37.489127,수인분당선,127.066085,K219,개포동역,"2026-01-26 11:18:09.106012"
459,"2026-01-26 11:17:50.598478",37.491412,수인분당선,127.072693,K220,대모산입구역,"2026-01-26 11:18:09.106012"
460,"2026-01-26 11:17:50.600996",37.487432,수인분당선,127.101487,K221,수서역,"2026-01-26 11:18:09.106012"
461,"2026-01-26 11:17:50.603618",37.470819,수인분당선,127.126693,K222,복정역,"2026-01-26 11:18:09.106012"
462,"2026-01-26 11:17:50.605988",37.448568,수인분당선,127.126727,K223,가천대역,"2026-01-26 11:18:09.106012"
463,"2026-01-26 11:17:50.608633",37.439731,수인분당선,127.127737,K224,태평역,"2026-01-26 11:18:09.106012"
464,"2026-01-26 11:17:50.611782",37.432351,수인분당선,127.129056,K225,모란역,"2026-01-26 11:18:09.106012"
465,"2026-01-26 11:17:50.614604",37.41143,수인분당선,127.128744,K226,야탑역,"2026-01-26 11:18:09.106012"
466,"2026-01-26 11:17:50.617367",37.396114,수인분당선,127.128228,K227,이매역,"2026-01-26 11:18:09.106012"
467,"2026-01-26 11:17:50.619987",37.385106,수인분당선,127.123461,K228,서현역,"2026-01-26 11:18:09.106012"
468,"2026-01-26 11:17:50.622604",37.378442,수인분당선,127.114275,K229,수내역,"2026-01-26 11:18:09.106012"
469,"2026-01-26 11:17:50.625011",37.367221,수인분당선,127.108374,K230,정자역,"2026-01-26 11:18:09.106012"
470,"2026-01-26 11:17:50.628463",37.350136,수인분당선,127.109055,K231,미금역,"2026-01-26 11:18:09.106012"
471,"2026-01-26 11:17:50.631903",37.339713,수인분당선,127.108917,K232,오리역,"2026-01-26 11:18:09.106012"
472,"2026-01-26 11:17:50.633827",37.324877,수인분당선,127.1074,K233,죽전역,"2026-01-26 11:18:09.106012"
473,"2026-01-26 11:17:50.636599",37.312954,수인분당선,127.108296,K234,보정역,"2026-01-26 11:18:09.106012"
474,"2026-01-26 11:17:50.638754",37.298945,수인분당선,127.105747,K235,구성역,"2026-01-26 11:18:09.106012"
475,"2026-01-26 11:17:50.641416",37.28619,수인분당선,127.111278,K236,신갈역,"2026-01-26 11:18:09.106012"
476,"2026-01-26 11:17:50.643706",37.275981,수인분당선,127.115993,K237,기흥역,"2026-01-26 11:18:09.106012"
477,"2026-01-26 11:17:50.645879",37.261835,수인분당선,127.108614,K238,상갈역,"2026-01-26 11:18:09.106012"
478,"2026-01-26 11:17:50.648553",37.259671,수인분당선,127.079102,K239,청명역,"2026-01-26 11:18:09.106012"
479,"2026-01-26 11:17:50.652806",37.251469,수인분당선,127.071239,K240,영통역,"2026-01-26 11:18:09.106012"
480,"2026-01-26 11:17:50.656104",37.2458,수인분당선,127.057002,K241,망포역,"2026-01-26 11:18:09.106012"
481,"2026-01-26 11:17:50.659860",37.252504,수인분당선,127.040778,K242,매탄권선역,"2026-01-26 11:18:09.106012"
482,"2026-01-26 11:17:50.662548",37.261849,수인분당선,127.030943,K243,수원시청역,"2026-01-26 11:18:09.106012"
483,"2026-01-26 11:17:50.665780",37.265563,수인분당선,127.015576,K244,매교역,"2026-01-26 11:18:09.106012"
484,"2026-01-26 11:17:50.670165",37.266244,수인분당선,127.000167,K245,수원역,"2026-01-26 11:18:09.106012"
485,"2026-01-26 11:17:50.673261",37.249676,수인분당선,126.980417,K246,고색역,"2026-01-26 11:18:09.106012"
486,"2026-01-26 11:17:50.676870",37.243422,수인분당선,126.964051,K247,오목천역,"2026-01-26 11:18:09.106012"
487,"2026-01-26 11:17:50.679103",37.250155,수인분당선,126.908766,K248,어천역,"2026-01-26 11:18:09.106012"
488,"2026-01-26 11:17:50.683169",37.26128,수인분당선,126.883847,K249,야목역,"2026-01-26 11:18:09.106012"
489,"2026-01-26 11:17:50.686178",37.291001,수인분당선,126.867239,K250,사리역,"2026-01-26 11:18:09.106012"
490,"2026-01-26 11:17:50.689174",37.309775,수인분당선,126.853576,K251,한대앞역,"2026-01-26 11:18:09.106012"
491,"2026-01-26 11:17:50.693183",37.315978,수인분당선,126.838477,K252,중앙역,"2026-01-26 11:18:09.106012"
492,"2026-01-26 11:17:50.696655",37.316795,수인분당선,126.822914,K253,고잔역,"2026-01-26 11:18:09.106012"
493,"2026-01-26 11:17:50.699432",37.320646,수인분당선,126.805981,K254,초지역,"2026-01-26 11:18:09.106012"
494,"2026-01-26 11:17:50.702704",37.327063,수인분당선,126.788668,K255,안산역,"2026-01-26 11:18:09.106012"
495,"2026-01-26 11:17:50.705942",37.337412,수인분당선,126.767387,K256,신길온천역,"2026-01-26 11:18:09.106012"
496,"2026-01-26 11:17:50.709152",37.351843,수인분당선,126.742728,K257,정왕역,"2026-01-26 11:18:09.106012"
497,"2026-01-26 11:17:50.712390",37.362106,수인분당선,126.738551,K258,오이도역,"2026-01-26 11:18:09.106012"
498,"2026-01-26 11:17:50.715818",37.380118,수인분당선,126.745484,K259,달월역,"2026-01-26 11:18:09.106012"
499,"2026-01-26 11:17:50.718569",37.391902,수인분당선,126.742597,K260,월곶역,"2026-01-26 11:18:09.106012"
500,"2026-01-26 11:17:50.721868",37.40106,수인분당선,126.733264,K261,소래포구역,"2026-01-26 11:18:09.106012"
501,"2026-01-26 11:17:50.865352",37.400633,수인분당선,126.722265,K262,인천논현역,"2026-01-26 11:18:09.106012"
502,"2026-01-26 11:17:50.871413",37.401891,수인분당선,126.70812,K263,호구포역,"2026-01-26 11:18:09.106012"
503,"2026-01-26 11:17:50.875931",37.407577,수인분당선,126.695454,K264,남동인더스파크역,"2026-01-26 11:18:09.106012"
504,"2026-01-26 11:17:50.880701",37.413139,수인분당선,126.686532,K265,원인재역,"2026-01-26 11:18:09.106012"
505,"2026-01-26 11:17:50.885215",37.418079,수인분당선,126.678424,K266,연수역,"2026-01-26 11:18:09.106012"
506,"2026-01-26 11:17:50.889364",37.430007,수인분당선,126.654507,K267,송도역,"2026-01-26 11:18:09.106012"
507,"2026-01-26 11:17:50.893231",37.438796,수인분당선,126.648609,K268,학익역,"2026-01-26 11:18:09.106012"
508,"2026-01-26 11:17:50.896409",37.448231,수인분당선,126.649695,K269,인하대역,"2026-01-26 11:18:09.106012"
509,"2026-01-26 11:17:50.899517",37.460841,수인분당선,126.638334,K270,숭의역,"2026-01-26 11:18:09.106012"
510,"2026-01-26 11:17:50.903926",37.468584,수인분당선,126.624271,K271,신포역,"2026-01-26 11:18:09.106012"
511,"2026-01-26 11:17:50.908576",37.476423,수인분당선,126.617394,K272,인천역,"2026-01-26 11:18:09.106012"
512,"2026-01-26 11:17:50.913602",37.481117,1호선,126.88277,P142,가산디지털단지역,"2026-01-26 11:18:09.106012"
513,"2026-01-26 11:17:50.919531",37.466089,1호선,126.889484,P143,독산역,"2026-01-26 11:18:09.106012"
514,"2026-01-26 11:17:50.925329",37.455873,1호선,126.893862,P144,금천구청역,"2026-01-26 11:18:09.106012"
515,"2026-01-26 11:17:50.930752",37.416662,1호선,126.884957,P144-1,광명역,"2026-01-26 11:18:09.106012"
516,"2026-01-26 11:17:50.934562",37.435354,1호선,126.902223,P145,석수역,"2026-01-26 11:18:09.106012"
517,"2026-01-26 11:17:50.938314",37.419207,1호선,126.908747,P146,관악역,"2026-01-26 11:18:09.106012"
518,"2026-01-26 11:17:50.941137",37.401843,1호선,126.922743,P147,안양역,"2026-01-26 11:18:09.106012"
519,"2026-01-26 11:17:50.944903",37.385005,1호선,126.935329,P148,명학역,"2026-01-26 11:18:09.106012"
520,"2026-01-26 11:17:50.948216",37.37235,1호선,126.94351,P149,금정역,"2026-01-26 11:18:09.106012"
521,"2026-01-26 11:17:50.951380",37.353782,1호선,126.948518,P150,군포역,"2026-01-26 11:18:09.106012"
522,"2026-01-26 11:17:50.954570",37.343615,1호선,126.948353,P151,당정역,"2026-01-26 11:18:09.106012"
523,"2026-01-26 11:17:50.958291",37.32131,1호선,126.947995,P152,의왕역,"2026-01-26 11:18:09.106012"
524,"2026-01-26 11:17:50.961158",37.300253,1호선,126.971241,P153,성균관대역,"2026-01-26 11:18:09.106012"
525,"2026-01-26 11:17:50.963873",37.284838,1호선,126.989047,P154,화서역,"2026-01-26 11:18:09.106012"
526,"2026-01-26 11:17:50.966010",37.266285,1호선,126.999642,P155,수원역,"2026-01-26 11:18:09.106012"
527,"2026-01-26 11:17:50.969220",37.244135,1호선,127.013721,P156,세류역,"2026-01-26 11:18:09.106012"
528,"2026-01-26 11:17:50.971291",37.206703,1호선,127.033159,P157,병점역,"2026-01-26 11:18:09.106012"
529,"2026-01-26 11:17:50.973825",37.19557,1호선,127.052064,P157-1,서동탄역,"2026-01-26 11:18:09.106012"
530,"2026-01-26 11:17:50.976936",37.187195,1호선,127.043322,P158,세마역,"2026-01-26 11:18:09.106012"
531,"2026-01-26 11:17:50.978936",37.169405,1호선,127.063036,P159,오산대역,"2026-01-26 11:18:09.106012"
532,"2026-01-26 11:17:50.982016",37.145599,1호선,127.066766,P160,오산역,"2026-01-26 11:18:09.106012"
533,"2026-01-26 11:17:50.984562",37.109902,1호선,127.062338,P161,진위역,"2026-01-26 11:18:09.106012"
534,"2026-01-26 11:17:50.986706",37.075255,1호선,127.054363,P162,송탄역,"2026-01-26 11:18:09.106012"
535,"2026-01-26 11:17:50.989364",37.057173,1호선,127.052931,P163,서정리역,"2026-01-26 11:18:09.106012"
536,"2026-01-26 11:17:50.991481",37.018658,1호선,127.07049,P164,평택지제역,"2026-01-26 11:18:09.106012"
537,"2026-01-26 11:17:50.994348",36.990723,1호선,127.085326,P165,평택역,"2026-01-26 11:18:09.106012"
538,"2026-01-26 11:17:50.996469",36.915914,1호선,127.126888,P166,성환역,"2026-01-26 11:18:09.106012"
539,"2026-01-26 11:17:50.998796",36.87063,1호선,127.14397,P167,직산역,"2026-01-26 11:18:09.106012"
540,"2026-01-26 11:17:51.001450",36.833251,1호선,127.149009,P168,두정역,"2026-01-26 11:18:09.106012"
541,"2026-01-26 11:17:51.004132",36.809324,1호선,127.146291,P169,천안역,"2026-01-26 11:18:09.106012"
542,"2026-01-26 11:17:51.006250",36.801159,1호선,127.135694,P170,봉명역,"2026-01-26 11:18:09.106012"
543,"2026-01-26 11:17:51.008560",36.793679,1호선,127.121326,P171,쌍용역,"2026-01-26 11:18:09.106012"
544,"2026-01-26 11:17:51.011204",36.792124,1호선,127.104526,P172,아산역,"2026-01-26 11:18:09.106012"
545,"2026-01-26 11:17:51.013232",36.788333,1호선,127.084718,P173,탕정역,"2026-01-26 11:18:09.106012"
546,"2026-01-26 11:17:51.015790",36.777711,1호선,127.053109,P174,배방역,"2026-01-26 11:18:09.106012"
547,"2026-01-26 11:17:51.017789",36.780506,1호선,127.00321,P176,온양온천역,"2026-01-26 11:18:09.106012"
548,"2026-01-26 11:17:51.019858",36.76932,1호선,126.950423,P177,신창역,"2026-01-26 11:18:09.106012"
549,"2026-01-26 11:17:51.024487",37.527787,5호선,127.136219,P549,둔촌동역,"2026-01-26 11:18:09.106012"
550,"2026-01-26 11:17:51.027487",37.516217,5호선,127.130957,P550,올림픽공원역,"2026-01-26 11:18:09.106012"
551,"2026-01-26 11:17:51.029487",37.508752,5호선,127.126054,P551,방이역,"2026-01-26 11:18:09.106012"
552,"2026-01-26 11:17:51.031487",37.502228,5호선,127.127701,P552,오금역,"2026-01-26 11:18:09.106012"
553,"2026-01-26 11:17:51.033994",37.498097,5호선,127.134817,P553,개롱역,"2026-01-26 11:18:09.106012"
554,"2026-01-26 11:17:51.036026",37.493208,5호선,127.143983,P554,거여역,"2026-01-26 11:18:09.106012"
555,"2026-01-26 11:17:51.038026",37.494972,5호선,127.152784,P555,마천역,"2026-01-26 11:18:09.106012"
